[02Aug2025 22:31:54.441] [main/INFO] [cpw.mods.modlauncher.Launcher/MODLAUNCHER]: ModLauncher running: args [--launchTarget, forgeserver, --fml.forgeVersion, 47.3.7, --fml.mcVersion, 1.20.1, --fml.forgeGroup, net.minecraftforge, --fml.mcpVersion, 20230612.114412, nogui]
[02Aug2025 22:31:54.444] [main/INFO] [cpw.mods.modlauncher.Launcher/MODLAUNCHER]: ModLauncher 10.0.9+10.0.9+main.dcd20f30 starting: java version 17.0.15 by Ubuntu; OS Linux arch amd64 version 6.8.0-1030-azure
[02Aug2025 22:31:56.113] [main/INFO] [net.minecraftforge.fml.loading.ImmediateWindowHandler/]: ImmediateWindowProvider not loading because launch target is forgeserver
[02Aug2025 22:31:56.171] [main/INFO] [mixin/]: SpongePowered MIXIN Subsystem Version=0.8.5 Source=union:/workspaces/DELUXLUBER/servidor_minecraft/libraries/org/spongepowered/mixin/0.8.5/mixin-0.8.5.jar%2365!/ Service=ModLauncher Env=SERVER
[02Aug2025 22:31:56.580] [main/WARN] [net.minecraftforge.fml.loading.moddiscovery.ModFileParser/LOADING]: Mod file /workspaces/DELUXLUBER/servidor_minecraft/libraries/net/minecraftforge/fmlcore/1.20.1-47.3.7/fmlcore-1.20.1-47.3.7.jar is missing mods.toml file
[02Aug2025 22:31:56.582] [main/WARN] [net.minecraftforge.fml.loading.moddiscovery.ModFileParser/LOADING]: Mod file /workspaces/DELUXLUBER/servidor_minecraft/libraries/net/minecraftforge/javafmllanguage/1.20.1-47.3.7/javafmllanguage-1.20.1-47.3.7.jar is missing mods.toml file
[02Aug2025 22:31:56.584] [main/WARN] [net.minecraftforge.fml.loading.moddiscovery.ModFileParser/LOADING]: Mod file /workspaces/DELUXLUBER/servidor_minecraft/libraries/net/minecraftforge/lowcodelanguage/1.20.1-47.3.7/lowcodelanguage-1.20.1-47.3.7.jar is missing mods.toml file
[02Aug2025 22:31:56.586] [main/WARN] [net.minecraftforge.fml.loading.moddiscovery.ModFileParser/LOADING]: Mod file /workspaces/DELUXLUBER/servidor_minecraft/libraries/net/minecraftforge/mclanguage/1.20.1-47.3.7/mclanguage-1.20.1-47.3.7.jar is missing mods.toml file
[02Aug2025 22:31:56.892] [main/WARN] [net.minecraftforge.jarjar.selection.JarSelector/]: Attempted to select two dependency jars from JarJar which have the same identification: Mod File:  and Mod File: . Using Mod File: 
[02Aug2025 22:31:56.894] [main/WARN] [net.minecraftforge.jarjar.selection.JarSelector/]: Attempted to select a dependency jar for JarJar which was passed in as source: curios. Using Mod File: /workspaces/DELUXLUBER/servidor_minecraft/mods/curios-forge-5.14.1+1.20.1.jar
[02Aug2025 22:31:56.895] [main/INFO] [net.minecraftforge.fml.loading.moddiscovery.JarInJarDependencyLocator/]: Found 11 dependencies adding them to mods collection
[02Aug2025 22:31:59.726] [main/INFO] [mixin/]: Compatibility level set to JAVA_17
[02Aug2025 22:31:59.752] [main/ERROR] [mixin/]: Mixin config firstperson.mixins.json does not specify "minVersion" property
[02Aug2025 22:31:59.756] [main/ERROR] [mixin/]: Mixin config mixins.duclib.json does not specify "minVersion" property
[02Aug2025 22:31:59.925] [main/INFO] [cpw.mods.modlauncher.LaunchServiceHandler/MODLAUNCHER]: Launching target 'forgeserver' with arguments [nogui]
[02Aug2025 22:31:59.995] [main/WARN] [mixin/]: Reference map 'graveyard-FORGE-forge-refmap.json' for graveyard-forge.mixins.json could not be read. If this is a development environment you can ignore this message
[02Aug2025 22:32:00.002] [main/WARN] [mixin/]: Reference map 'naturalist-forge-forge-refmap.json' for naturalist.mixins.json could not be read. If this is a development environment you can ignore this message
[02Aug2025 22:32:00.103] [main/INFO] [ModernFix/]: Loaded configuration file for ModernFix 5.18.6+mc1.20.1: 83 options available, 0 override(s) found
[02Aug2025 22:32:00.103] [main/INFO] [ModernFix/]: Applying Nashorn fix
[02Aug2025 22:32:00.123] [main/INFO] [ModernFix/]: Applied Forge config corruption patch
[02Aug2025 22:32:00.219] [main/WARN] [mixin/]: Reference map 'mixins.call_of_yucutan.refmap.json' for mixins.call_of_yucutan.json could not be read. If this is a development environment you can ignore this message
[02Aug2025 22:32:00.222] [main/INFO] [fpsreducer/]: OptiFine was NOT detected.
[02Aug2025 22:32:00.225] [main/INFO] [fpsreducer/]: OptiFabric was NOT detected.
[02Aug2025 22:32:00.228] [main/WARN] [mixin/]: Reference map 'puzzlesaccessapi.common.refmap.json' for puzzlesaccessapi.common.mixins.json could not be read. If this is a development environment you can ignore this message
[02Aug2025 22:32:00.250] [main/INFO] [Embeddium/]: Loaded configuration file for Embeddium: 130 options available, 0 override(s) found
[02Aug2025 22:32:00.390] [main/INFO] [Puzzles Lib/]: Loading 85 mods:
	- adorabuild_structures 2.8.0
	- advancementplaques 1.6.7
	- aether 1.20.1-1.0.0-beta.1.4-neoforge
		|-- cumulus_menus 1.20.1-1.0.0-beta.1-neoforge
		\-- nitrogen_internals 1.20.1-0.1.3-neoforge
	- aiimprovements 0.5.2
	- alexsmobs 1.22.9
	- another_furniture 1.20.1-3.0.2
	- aquamirae 6.API15
	- architectury 9.2.14
	- bagus_lib 1.20.1-5.4.0
	- born_in_chaos_v1 1.6.3
	- caelus 3.2.0+1.20.1
	- call_of_yucutan 1.0.13
	- cataclysm 3.08
	- citadel 2.6.1
	- cloth_config 11.1.136
	- cnc 2.2.2
	- collective 8.3
	- corgilib 4.0.3.4
	- creeperoverhaul 3.0.2
		\-- resourcefullib 2.1.20
	- curios 5.14.1+1.20.1
	- customskinloader 14.24
	- duclib 1.1.4
	- dungeoncrawl 2.3.15
	- dynamiclights 1.20.1.2
	- embeddium 0.3.25+mc1.20.1
		\-- rubidium 0.7.1
	- embeddiumplus 1.2.13
	- enchantinginfuser 8.0.2
	- endlessbiomes 1.0.0
	- explorations 1.20.1-1.6.1
	- explorify 1.6.2
	- fastleafdecay 31
	- fastload 3.4.0
	- ferritecore 6.0.1
	- firstperson 2.4.9
	- forge 47.3.7
	- fpsreducer 1.20-2.5
	- framework 0.7.6
	- friendsandfoes 3.0.9
	- geckolib 4.7.2
	- goblins_tyranny 1.2.3
	- graveyard 3.1
	- hunters_return 1.20.1-11.7.0
	- iceberg 1.1.25
	- illageandspillage 1.2.8
	- imst 2.1.0
	- infinitetrading 4.5
	- inventoryhud 3.4.26
	- ironchest 1.20.1-14.4.4
	- jade 11.13.1+forge
	- jei 15.20.0.112
	- jeresources 1.4.0.247
	- journeymap 5.10.3
	- legendary_monsters 1.20.1
	- lionfishapi 2.4-Fix
	- mapperbase 1.20.1-6.0.0.0
	- minecraft 1.20.1
	- mns 1.0.3-1.20-forge
	- modernfix 5.18.6+mc1.20.1
	- moonlight 1.20-2.15.0
	- mowziesmobs 1.7.3
	- mr_serversleep 1-datapack
	- mr_withering_heights 1-alpha-1
	- naturalist 4.0.1
	- obscure_api 15
	- onlyhammers 1.20.1-0.6
	- patchouli 1.20.1-84-FORGE
	- pfm 1.4.2
	- puzzleslib 8.1.32
		|-- mixinextras 0.4.1
		\-- puzzlesaccessapi 20.1.1
	- resourcefulconfig 2.1.3
	- ribbits 1.20.1-Forge-3.0.4
	- shouldersurfing 1.20.1-4.13.1
	- sophisticatedbackpacks 3.23.23.1285
	- sophisticatedcore 1.2.75.1033
	- supplementaries 1.20-3.1.36
		\-- mixinsquared 0.1.1
	- terramity 0.9.8
	- tombstone 9.0.2
	- treeharvester 9.1
	- visualworkbench 8.0.0
	- yungsapi 1.20-Forge-4.0.6
[02Aug2025 22:32:00.398] [main/WARN] [mixin/]: Reference map 'nitrogen_internals.refmap.json' for nitrogen_internals.mixins.json could not be read. If this is a development environment you can ignore this message
[02Aug2025 22:32:00.402] [main/WARN] [mixin/]: Reference map 'mns-forge-refmap.json' for mns-forge.mixins.json could not be read. If this is a development environment you can ignore this message
[02Aug2025 22:32:00.407] [main/WARN] [mixin/]: Reference map 'Aquamirae.refmap.json' for aquamirae.mixins.json could not be read. If this is a development environment you can ignore this message
[02Aug2025 22:32:01.479] [main/WARN] [mixin/]: Error loading class: vectorwing/farmersdelight/common/block/entity/CookingPotBlockEntity (java.lang.ClassNotFoundException: vectorwing.farmersdelight.common.block.entity.CookingPotBlockEntity)
[02Aug2025 22:32:01.613] [main/WARN] [mixin/]: Error loading class: vectorwing/farmersdelight/common/block/TomatoVineBlock (java.lang.ClassNotFoundException: vectorwing.farmersdelight.common.block.TomatoVineBlock)
[02Aug2025 22:32:02.545] [main/INFO] [MixinExtras|Service/]: Initializing MixinExtras via com.llamalad7.mixinextras.service.MixinExtrasServiceImpl(version=0.4.1).
[02Aug2025 22:32:03.237] [main/INFO] [net.minecraft.server.Bootstrap/]: ModernFix reached bootstrap stage (11.40 s after launch)
[02Aug2025 22:32:03.386] [main/WARN] [mixin/]: @Final field delegatesByName:Ljava/util/Map; in modernfix-forge.mixins.json:perf.forge_registry_alloc.ForgeRegistryMixin should be final
[02Aug2025 22:32:03.388] [main/WARN] [mixin/]: @Final field delegatesByValue:Ljava/util/Map; in modernfix-forge.mixins.json:perf.forge_registry_alloc.ForgeRegistryMixin should be final
[02Aug2025 22:32:05.321] [main/INFO] [net.minecraft.server.Bootstrap/]: Vanilla bootstrap took 2080 milliseconds
[02Aug2025 22:32:09.768] [modloading-worker-0/INFO] [Puzzles Lib/]: Constructing common components for visualworkbench:main
[02Aug2025 22:32:10.068] [modloading-worker-0/ERROR] [net.minecraftforge.eventbus.EventSubclassTransformer/EVENTBUS]: Could not find parent net/minecraft/client/renderer/entity/layers/RenderLayer for class com/obscuria/obscureapi/client/renderer/PatreonLayer in classloader cpw.mods.modlauncher.TransformingClassLoader@724bf25f on thread Thread[modloading-worker-0,5,main]
[02Aug2025 22:32:10.069] [modloading-worker-0/ERROR] [net.minecraftforge.eventbus.EventSubclassTransformer/EVENTBUS]: An error occurred building event handler
java.lang.ClassNotFoundException: net.minecraft.client.renderer.entity.layers.RenderLayer
	at cpw.mods.cl.ModuleClassLoader.loadClass(ModuleClassLoader.java:141) ~[securejarhandler-2.1.10.jar:?]
	at java.lang.ClassLoader.loadClass(ClassLoader.java:525) ~[?:?]
	at net.minecraftforge.eventbus.EventSubclassTransformer.buildEvents(EventSubclassTransformer.java:97) ~[eventbus-6.0.5.jar%2352!/:?]
	at net.minecraftforge.eventbus.EventSubclassTransformer.transform(EventSubclassTransformer.java:48) ~[eventbus-6.0.5.jar%2352!/:?]
	at net.minecraftforge.eventbus.EventBusEngine.processClass(EventBusEngine.java:26) ~[eventbus-6.0.5.jar%2352!/:?]
	at net.minecraftforge.eventbus.service.ModLauncherService.processClassWithFlags(ModLauncherService.java:32) ~[eventbus-6.0.5.jar%2352!/:6.0.5+6.0.5+master.eb8e549b]
	at cpw.mods.modlauncher.LaunchPluginHandler.offerClassNodeToPlugins(LaunchPluginHandler.java:88) ~[modlauncher-10.0.9.jar%2355!/:?]
	at cpw.mods.modlauncher.ClassTransformer.transform(ClassTransformer.java:120) ~[modlauncher-10.0.9.jar%2355!/:?]
	at cpw.mods.modlauncher.TransformingClassLoader.maybeTransformClassBytes(TransformingClassLoader.java:50) ~[modlauncher-10.0.9.jar%2355!/:?]
	at cpw.mods.cl.ModuleClassLoader.readerToClass(ModuleClassLoader.java:113) ~[securejarhandler-2.1.10.jar:?]
	at cpw.mods.cl.ModuleClassLoader.lambda$findClass$15(ModuleClassLoader.java:219) ~[securejarhandler-2.1.10.jar:?]
	at cpw.mods.cl.ModuleClassLoader.loadFromModule(ModuleClassLoader.java:229) ~[securejarhandler-2.1.10.jar:?]
	at cpw.mods.cl.ModuleClassLoader.findClass(ModuleClassLoader.java:219) ~[securejarhandler-2.1.10.jar:?]
	at cpw.mods.cl.ModuleClassLoader.loadClass(ModuleClassLoader.java:135) ~[securejarhandler-2.1.10.jar:?]
	at java.lang.ClassLoader.loadClass(ClassLoader.java:525) ~[?:?]
	at java.lang.ClassLoader.defineClass0(Native Method) ~[?:?]
	at java.lang.System$2.defineClass(System.java:2324) ~[?:?]
	at java.lang.invoke.MethodHandles$Lookup$ClassDefiner.defineClass(MethodHandles.java:2439) ~[?:?]
	at java.lang.invoke.MethodHandles$Lookup$ClassDefiner.defineClassAsLookup(MethodHandles.java:2420) ~[?:?]
	at java.lang.invoke.MethodHandles$Lookup.defineHiddenClass(MethodHandles.java:2127) ~[?:?]
	at java.lang.invoke.InnerClassLambdaMetafactory.generateInnerClass(InnerClassLambdaMetafactory.java:407) ~[?:?]
	at java.lang.invoke.InnerClassLambdaMetafactory.spinInnerClass(InnerClassLambdaMetafactory.java:315) ~[?:?]
	at java.lang.invoke.InnerClassLambdaMetafactory.buildCallSite(InnerClassLambdaMetafactory.java:228) ~[?:?]
	at java.lang.invoke.LambdaMetafactory.metafactory(LambdaMetafactory.java:341) ~[?:?]
	at java.lang.invoke.BootstrapMethodInvoker.invoke(BootstrapMethodInvoker.java:134) ~[?:?]
	at java.lang.invoke.CallSite.makeSite(CallSite.java:315) ~[?:?]
	at java.lang.invoke.MethodHandleNatives.linkCallSiteImpl(MethodHandleNatives.java:281) ~[?:?]
	at java.lang.invoke.MethodHandleNatives.linkCallSite(MethodHandleNatives.java:271) ~[?:?]
	at com.obscuria.obscureapi.client.renderer.PatreonLayer$Mode.<clinit>(PatreonLayer.java:55) ~[obscure_api-15.jar%23235!/:com.obscuria]
	at com.obscuria.obscureapi.ObscureAPIConfig$Client.<clinit>(ObscureAPIConfig.java:28) ~[obscure_api-15.jar%23235!/:com.obscuria]
	at com.obscuria.obscureapi.ObscureAPIConfig.register(ObscureAPIConfig.java:46) ~[obscure_api-15.jar%23235!/:com.obscuria]
	at com.obscuria.obscureapi.ObscureAPI.<init>(ObscureAPI.java:69) ~[obscure_api-15.jar%23235!/:com.obscuria]
	at jdk.internal.reflect.NativeConstructorAccessorImpl.newInstance0(Native Method) ~[?:?]
	at jdk.internal.reflect.NativeConstructorAccessorImpl.newInstance(NativeConstructorAccessorImpl.java:77) ~[?:?]
	at jdk.internal.reflect.DelegatingConstructorAccessorImpl.newInstance(DelegatingConstructorAccessorImpl.java:45) ~[?:?]
	at java.lang.reflect.Constructor.newInstanceWithCaller(Constructor.java:500) ~[?:?]
	at java.lang.reflect.Constructor.newInstance(Constructor.java:481) ~[?:?]
	at net.minecraftforge.fml.javafmlmod.FMLModContainer.constructMod(FMLModContainer.java:70) ~[javafmllanguage-1.20.1-47.3.7.jar%23257!/:?]
	at net.minecraftforge.fml.ModContainer.lambda$buildTransitionHandler$4(ModContainer.java:124) ~[fmlcore-1.20.1-47.3.7.jar%23256!/:?]
	at java.util.concurrent.CompletableFuture$AsyncRun.run(CompletableFuture.java:1804) ~[?:?]
	at java.util.concurrent.CompletableFuture$AsyncRun.exec(CompletableFuture.java:1796) ~[?:?]
	at java.util.concurrent.ForkJoinTask.doExec(ForkJoinTask.java:373) ~[?:?]
	at java.util.concurrent.ForkJoinPool$WorkQueue.topLevelExec(ForkJoinPool.java:1182) ~[?:?]
	at java.util.concurrent.ForkJoinPool.scan(ForkJoinPool.java:1655) ~[?:?]
	at java.util.concurrent.ForkJoinPool.runWorker(ForkJoinPool.java:1622) ~[?:?]
	at java.util.concurrent.ForkJoinWorkerThread.run(ForkJoinWorkerThread.java:165) ~[?:?]
[02Aug2025 22:32:10.080] [modloading-worker-0/ERROR] [net.minecraftforge.fml.loading.RuntimeDistCleaner/DISTXFORM]: Attempted to load class com/obscuria/obscureapi/client/renderer/PatreonLayer for invalid dist DEDICATED_SERVER
[02Aug2025 22:32:10.135] [modloading-worker-0/INFO] [graveyard/]: Registered JSON trade offer adapter.
[02Aug2025 22:32:10.290] [modloading-worker-0/INFO] [Dungeon Crawl/]: Here we go! Launching Dungeon Crawl 2.3.15...
[02Aug2025 22:32:10.595] [modloading-worker-0/INFO] [net.minecraftforge.common.ForgeMod/FORGEMOD]: Forge mod loading, version 47.3.7, for MC 1.20.1 with MCP 20230612.114412
[02Aug2025 22:32:10.595] [modloading-worker-0/INFO] [net.minecraftforge.common.MinecraftForge/FORGE]: MinecraftForge v47.3.7 Initialized
[02Aug2025 22:32:10.653] [ForkJoinPool.commonPool-worker-1/INFO] [com.unlikepaladin.pfm.PaladinFurnitureMod/]: [Paladin's Furniture Update Check] Cached update file detected, using that!
[02Aug2025 22:32:10.705] [modloading-worker-0/ERROR] [net.minecraftforge.fml.loading.RuntimeDistCleaner/DISTXFORM]: Attempted to load class net/minecraft/client/Minecraft for invalid dist DEDICATED_SERVER
[02Aug2025 22:32:10.708] [modloading-worker-0/ERROR] [Embeddium/]: Failed to update fingerprint
java.lang.RuntimeException: Attempted to load class net/minecraft/client/Minecraft for invalid dist DEDICATED_SERVER
	at net.minecraftforge.fml.loading.RuntimeDistCleaner.processClassWithFlags(RuntimeDistCleaner.java:57) ~[fmlloader-1.20.1-47.3.7.jar%2369!/:1.0]
	at cpw.mods.modlauncher.LaunchPluginHandler.offerClassNodeToPlugins(LaunchPluginHandler.java:88) ~[modlauncher-10.0.9.jar%2355!/:?]
	at cpw.mods.modlauncher.ClassTransformer.transform(ClassTransformer.java:120) ~[modlauncher-10.0.9.jar%2355!/:?]
	at cpw.mods.modlauncher.TransformingClassLoader.maybeTransformClassBytes(TransformingClassLoader.java:50) ~[modlauncher-10.0.9.jar%2355!/:?]
	at cpw.mods.cl.ModuleClassLoader.readerToClass(ModuleClassLoader.java:113) ~[securejarhandler-2.1.10.jar:?]
	at cpw.mods.cl.ModuleClassLoader.lambda$findClass$15(ModuleClassLoader.java:219) ~[securejarhandler-2.1.10.jar:?]
	at cpw.mods.cl.ModuleClassLoader.loadFromModule(ModuleClassLoader.java:229) ~[securejarhandler-2.1.10.jar:?]
	at cpw.mods.cl.ModuleClassLoader.findClass(ModuleClassLoader.java:219) ~[securejarhandler-2.1.10.jar:?]
	at cpw.mods.cl.ModuleClassLoader.loadClass(ModuleClassLoader.java:135) ~[securejarhandler-2.1.10.jar:?]
	at java.lang.ClassLoader.loadClass(ClassLoader.java:525) ~[?:?]
	at me.jellysquid.mods.sodium.client.data.fingerprint.FingerprintMeasure.create(FingerprintMeasure.java:19) ~[embeddium-0.3.25+mc1.20.1.jar%23200!/:?]
	at me.jellysquid.mods.sodium.client.SodiumClientMod.updateFingerprint(SodiumClientMod.java:103) ~[embeddium-0.3.25+mc1.20.1.jar%23200!/:?]
	at me.jellysquid.mods.sodium.client.SodiumClientMod.<init>(SodiumClientMod.java:43) ~[embeddium-0.3.25+mc1.20.1.jar%23200!/:?]
	at jdk.internal.reflect.NativeConstructorAccessorImpl.newInstance0(Native Method) ~[?:?]
	at jdk.internal.reflect.NativeConstructorAccessorImpl.newInstance(NativeConstructorAccessorImpl.java:77) ~[?:?]
	at jdk.internal.reflect.DelegatingConstructorAccessorImpl.newInstance(DelegatingConstructorAccessorImpl.java:45) ~[?:?]
	at java.lang.reflect.Constructor.newInstanceWithCaller(Constructor.java:500) ~[?:?]
	at java.lang.reflect.Constructor.newInstance(Constructor.java:481) ~[?:?]
	at net.minecraftforge.fml.javafmlmod.FMLModContainer.constructMod(FMLModContainer.java:70) ~[javafmllanguage-1.20.1-47.3.7.jar%23257!/:?]
	at net.minecraftforge.fml.ModContainer.lambda$buildTransitionHandler$4(ModContainer.java:124) ~[fmlcore-1.20.1-47.3.7.jar%23256!/:?]
	at java.util.concurrent.CompletableFuture$AsyncRun.run(CompletableFuture.java:1804) ~[?:?]
	at java.util.concurrent.CompletableFuture$AsyncRun.exec(CompletableFuture.java:1796) ~[?:?]
	at java.util.concurrent.ForkJoinTask.doExec(ForkJoinTask.java:373) ~[?:?]
	at java.util.concurrent.ForkJoinPool$WorkQueue.topLevelExec(ForkJoinPool.java:1182) ~[?:?]
	at java.util.concurrent.ForkJoinPool.scan(ForkJoinPool.java:1655) ~[?:?]
	at java.util.concurrent.ForkJoinPool.runWorker(ForkJoinPool.java:1622) ~[?:?]
	at java.util.concurrent.ForkJoinWorkerThread.run(ForkJoinWorkerThread.java:165) ~[?:?]
[02Aug2025 22:32:11.863] [modloading-worker-0/INFO] [Collective/]: Loading Collective version 8.3.
[02Aug2025 22:32:12.289] [modloading-worker-0/INFO] [com.aetherteam.cumulus.Cumulus/]: Disabling Cumulus as it is on server.
[02Aug2025 22:32:12.387] [modloading-worker-0/INFO] [dev.architectury.networking.forge.NetworkManagerImpl/]: Registering C2S receiver with id architectury:sync_ids
[02Aug2025 22:32:12.425] [modloading-worker-0/INFO] [Puzzles Lib/]: Constructing common components for puzzleslib:main
[02Aug2025 22:32:12.547] [modloading-worker-0/INFO] [Puzzles Lib/]: Constructing common components for enchantinginfuser:main
[02Aug2025 22:32:15.063] [main/WARN] [com.unlikepaladin.pfm.PaladinFurnitureMod/]: Found block type with duplicate id (minecraft:oak), skipping
[02Aug2025 22:32:16.147] [main/INFO] [Moonlight/]: Initialized block sets in 23ms
[02Aug2025 22:32:17.238] [main/WARN] [net.minecraft.network.syncher.SynchedEntityData/]: defineId called for: class net.mcreator.borninchaosv.entity.BabySpiderEntity from class net.mcreator.borninchaosv.entity.MotherSpiderEntity
[02Aug2025 22:32:17.258] [main/WARN] [net.minecraft.network.syncher.SynchedEntityData/]: defineId called for: class net.miauczel.legendary_monsters.entity.custom.Cloud_GolemEntity from class net.miauczel.legendary_monsters.entity.AnimatedMonster.OriginClasses.IAnimatedBoss
[02Aug2025 22:32:17.259] [main/WARN] [net.minecraft.network.syncher.SynchedEntityData/]: defineId called for: class net.miauczel.legendary_monsters.entity.custom.Cloud_GolemEntity from class net.miauczel.legendary_monsters.entity.AnimatedMonster.OriginClasses.IAnimatedBoss
[02Aug2025 22:32:17.259] [main/WARN] [net.minecraft.network.syncher.SynchedEntityData/]: defineId called for: class net.miauczel.legendary_monsters.entity.custom.Cloud_GolemEntity from class net.miauczel.legendary_monsters.entity.AnimatedMonster.OriginClasses.IAnimatedBoss
[02Aug2025 22:32:17.261] [main/WARN] [net.minecraft.network.syncher.SynchedEntityData/]: defineId called for: class net.miauczel.legendary_monsters.entity.custom.Shulker_MimicEntity from class net.miauczel.legendary_monsters.entity.custom.OldShulkerMimic
[02Aug2025 22:32:17.553] [Thread-0/INFO] [ModernFix/]: Please use /mfsrc to reload any changed mod config files
[02Aug2025 22:32:17.798] [modloading-worker-0/INFO] [bagus_lib/]: Load Bagus Lib Supporter
[02Aug2025 22:32:17.806] [modloading-worker-0/INFO] [Dungeon Crawl/]: Common Setup
[02Aug2025 22:32:17.816] [modloading-worker-0/INFO] [tv.mapper.mapperbase.MapperBase/]: Mapper Base setup started! Thank you for using my mods!
[02Aug2025 22:32:17.848] [modloading-worker-0/INFO] [CorgiLib/]: Initializing network...
[02Aug2025 22:32:17.851] [modloading-worker-0/INFO] [CorgiLib/]: Initialized network!
[02Aug2025 22:32:17.877] [modloading-worker-0/INFO] [net.imasillylittleguy.cnc.CncMod/]: Loaded Critters n' Crawlers... tread lightly for there be beasts in these woods...
[02Aug2025 22:32:17.879] [Forge Version Check/INFO] [net.minecraftforge.fml.VersionChecker/]: [fastload] Starting version check at https://github.com/BumbleSoftware/Fastload/raw/Forge-1.20.1/updates.json
[02Aug2025 22:32:17.962] [main/INFO] [journeymap/]: Initializing Packet Registries
[02Aug2025 22:32:17.985] [main/INFO] [ribbits/]: Registering Ribbit umbrella types...
[02Aug2025 22:32:17.986] [main/INFO] [ribbits/]: Registering Ribbit professions...
[02Aug2025 22:32:17.986] [main/INFO] [ribbits/]: Registering Ribbit instruments...
[02Aug2025 22:32:17.988] [main/INFO] [ribbits/]: Registering Ribbit data serializers...
[02Aug2025 22:32:18.041] [main/INFO] [Supplementaries/]: Finished mod setup in: [0, 1, 0, 0, 0, 0, 10, 4, 1] ms
[02Aug2025 22:32:18.107] [main/INFO] [Moonlight/]: Initialized color sets in 60ms
[02Aug2025 22:32:18.256] [Forge Version Check/INFO] [net.minecraftforge.fml.VersionChecker/]: [fastload] Found status: UP_TO_DATE Current: 3.4.0 Target: null
[02Aug2025 22:32:18.257] [Forge Version Check/INFO] [net.minecraftforge.fml.VersionChecker/]: [aether] Starting version check at https://github.com/The-Aether-Team/The-Aether/raw/1.20.1-develop/update.json
[02Aug2025 22:32:18.322] [Forge Version Check/INFO] [net.minecraftforge.fml.VersionChecker/]: [aether] Found status: OUTDATED Current: 1.20.1-1.0.0-beta.1.4-neoforge Target: 1.20.1-1.5.2-neoforge
[02Aug2025 22:32:18.322] [Forge Version Check/INFO] [net.minecraftforge.fml.VersionChecker/]: [visualworkbench] Starting version check at https://raw.githubusercontent.com/Fuzss/modresources/main/update/visualworkbench.json
[02Aug2025 22:32:18.334] [Forge Version Check/INFO] [net.minecraftforge.fml.VersionChecker/]: [visualworkbench] Found status: OUTDATED Current: 8.0.0 Target: 8.0.1
[02Aug2025 22:32:18.334] [Forge Version Check/INFO] [net.minecraftforge.fml.VersionChecker/]: [obscure_api] Starting version check at https://raw.githubusercontent.com/ObscuriaLithium/Home/main/obscure_api/versions.json
[02Aug2025 22:32:18.345] [Forge Version Check/WARN] [net.minecraftforge.fml.VersionChecker/]: Failed to process update information
com.google.gson.JsonSyntaxException: java.lang.IllegalStateException: Expected BEGIN_OBJECT but was NUMBER at line 1 column 4 path $
	at com.google.gson.Gson.fromJson(Gson.java:1226) ~[gson-2.10.jar%2372!/:?]
	at com.google.gson.Gson.fromJson(Gson.java:1124) ~[gson-2.10.jar%2372!/:?]
	at com.google.gson.Gson.fromJson(Gson.java:1034) ~[gson-2.10.jar%2372!/:?]
	at com.google.gson.Gson.fromJson(Gson.java:969) ~[gson-2.10.jar%2372!/:?]
	at net.minecraftforge.fml.VersionChecker$1.process(VersionChecker.java:183) ~[fmlcore-1.20.1-47.3.7.jar%23256!/:?]
	at java.lang.Iterable.forEach(Iterable.java:75) ~[?:?]
	at net.minecraftforge.fml.VersionChecker$1.run(VersionChecker.java:114) ~[fmlcore-1.20.1-47.3.7.jar%23256!/:?]
Caused by: java.lang.IllegalStateException: Expected BEGIN_OBJECT but was NUMBER at line 1 column 4 path $
	at com.google.gson.stream.JsonReader.beginObject(JsonReader.java:393) ~[gson-2.10.jar%2372!/:?]
	at com.google.gson.internal.bind.MapTypeAdapterFactory$Adapter.read(MapTypeAdapterFactory.java:182) ~[gson-2.10.jar%2372!/:?]
	at com.google.gson.internal.bind.MapTypeAdapterFactory$Adapter.read(MapTypeAdapterFactory.java:144) ~[gson-2.10.jar%2372!/:?]
	at com.google.gson.Gson.fromJson(Gson.java:1214) ~[gson-2.10.jar%2372!/:?]
	... 6 more
[02Aug2025 22:32:18.346] [Forge Version Check/INFO] [net.minecraftforge.fml.VersionChecker/]: [journeymap] Starting version check at https://forge.curseupdate.com/32274/journeymap
[02Aug2025 22:32:18.487] [modloading-worker-0/INFO] [com.choicetheorem.imst.imst/]: Got IMC []
[02Aug2025 22:32:18.617] [Forge Version Check/INFO] [net.minecraftforge.fml.VersionChecker/]: [journeymap] Found status: UP_TO_DATE Current: 5.10.3 Target: null
[02Aug2025 22:32:18.617] [Forge Version Check/INFO] [net.minecraftforge.fml.VersionChecker/]: [puzzlesaccessapi] Starting version check at https://raw.githubusercontent.com/Fuzss/modresources/main/update/puzzlesaccessapi.json
[02Aug2025 22:32:18.627] [modloading-worker-0/INFO] [Jade/]: Start loading plugin at com.aetherteam.aether.integration.jade.AetherJadePlugin
[02Aug2025 22:32:18.634] [modloading-worker-0/INFO] [Jade/]: Start loading plugin at net.mehvahdjukaar.supplementaries.integration.JadeCompat
[02Aug2025 22:32:18.637] [Forge Version Check/INFO] [net.minecraftforge.fml.VersionChecker/]: [puzzlesaccessapi] Found status: BETA Current: 20.1.1 Target: null
[02Aug2025 22:32:18.638] [Forge Version Check/INFO] [net.minecraftforge.fml.VersionChecker/]: [forge] Starting version check at https://files.minecraftforge.net/net/minecraftforge/forge/promotions_slim.json
[02Aug2025 22:32:18.641] [modloading-worker-0/INFO] [Jade/]: Start loading plugin at snownee.jade.addon.vanilla.VanillaPlugin
[02Aug2025 22:32:18.656] [modloading-worker-0/INFO] [Jade/]: Start loading plugin at snownee.jade.addon.universal.UniversalPlugin
[02Aug2025 22:32:18.660] [modloading-worker-0/INFO] [Jade/]: Start loading plugin at snownee.jade.addon.core.CorePlugin
[02Aug2025 22:32:18.662] [modloading-worker-0/INFO] [Jade/]: Start loading plugin at com.github.exopandora.shouldersurfing.integration.ShoulderSurfingJadePlugin
[02Aug2025 22:32:18.662] [modloading-worker-0/INFO] [Jade/]: Start loading plugin at ovh.corail.tombstone.compatibility.IntegrationJade
[02Aug2025 22:32:18.843] [Forge Version Check/INFO] [net.minecraftforge.fml.VersionChecker/]: [forge] Found status: OUTDATED Current: 47.3.7 Target: 47.4.0
[02Aug2025 22:32:18.844] [Forge Version Check/INFO] [net.minecraftforge.fml.VersionChecker/]: [mr_withering_heights] Starting version check at https://api.modrinth.com/updates/NCPLOWlF/forge_updates.json
[02Aug2025 22:32:18.910] [main/ERROR] [net.minecraft.Util/]: Entity illageandspillage:bone has no attributes
[02Aug2025 22:32:18.911] [main/ERROR] [net.minecraft.Util/]: Entity illageandspillage:axe has no attributes
[02Aug2025 22:32:18.911] [main/ERROR] [net.minecraft.Util/]: Entity illageandspillage:bone has no attributes
[02Aug2025 22:32:18.912] [main/ERROR] [net.minecraft.Util/]: Entity illageandspillage:axe has no attributes
[02Aug2025 22:32:18.912] [main/ERROR] [net.minecraft.Util/]: Entity illageandspillage:bone has no attributes
[02Aug2025 22:32:18.912] [main/ERROR] [net.minecraft.Util/]: Entity illageandspillage:axe has no attributes
[02Aug2025 22:32:18.913] [main/ERROR] [net.minecraft.Util/]: Entity illageandspillage:bone has no attributes
[02Aug2025 22:32:18.913] [main/ERROR] [net.minecraft.Util/]: Entity illageandspillage:axe has no attributes
[02Aug2025 22:32:18.914] [main/ERROR] [net.minecraft.Util/]: Entity illageandspillage:bone has no attributes
[02Aug2025 22:32:18.914] [main/ERROR] [net.minecraft.Util/]: Entity illageandspillage:axe has no attributes
[02Aug2025 22:32:18.914] [main/ERROR] [net.minecraft.Util/]: Entity illageandspillage:bone has no attributes
[02Aug2025 22:32:18.914] [main/ERROR] [net.minecraft.Util/]: Entity illageandspillage:axe has no attributes
[02Aug2025 22:32:18.915] [main/ERROR] [net.minecraft.Util/]: Entity illageandspillage:bone has no attributes
[02Aug2025 22:32:18.915] [main/ERROR] [net.minecraft.Util/]: Entity illageandspillage:axe has no attributes
[02Aug2025 22:32:18.915] [main/ERROR] [net.minecraft.Util/]: Entity illageandspillage:bone has no attributes
[02Aug2025 22:32:18.915] [main/ERROR] [net.minecraft.Util/]: Entity illageandspillage:axe has no attributes
[02Aug2025 22:32:18.915] [main/ERROR] [net.minecraft.Util/]: Entity illageandspillage:bone has no attributes
[02Aug2025 22:32:18.916] [main/ERROR] [net.minecraft.Util/]: Entity illageandspillage:axe has no attributes
[02Aug2025 22:32:18.916] [main/ERROR] [net.minecraft.Util/]: Entity illageandspillage:bone has no attributes
[02Aug2025 22:32:18.916] [main/ERROR] [net.minecraft.Util/]: Entity illageandspillage:axe has no attributes
[02Aug2025 22:32:18.916] [main/ERROR] [net.minecraft.Util/]: Entity illageandspillage:bone has no attributes
[02Aug2025 22:32:18.916] [main/ERROR] [net.minecraft.Util/]: Entity illageandspillage:axe has no attributes
[02Aug2025 22:32:18.917] [main/ERROR] [net.minecraft.Util/]: Entity illageandspillage:bone has no attributes
[02Aug2025 22:32:18.917] [main/ERROR] [net.minecraft.Util/]: Entity illageandspillage:axe has no attributes
[02Aug2025 22:32:18.917] [main/ERROR] [net.minecraft.Util/]: Entity illageandspillage:bone has no attributes
[02Aug2025 22:32:18.917] [main/ERROR] [net.minecraft.Util/]: Entity illageandspillage:axe has no attributes
[02Aug2025 22:32:18.918] [main/ERROR] [net.minecraft.Util/]: Entity illageandspillage:bone has no attributes
[02Aug2025 22:32:18.918] [main/ERROR] [net.minecraft.Util/]: Entity illageandspillage:axe has no attributes
[02Aug2025 22:32:18.918] [main/ERROR] [net.minecraft.Util/]: Entity illageandspillage:bone has no attributes
[02Aug2025 22:32:18.918] [main/ERROR] [net.minecraft.Util/]: Entity illageandspillage:axe has no attributes
[02Aug2025 22:32:18.918] [main/ERROR] [net.minecraft.Util/]: Entity illageandspillage:bone has no attributes
[02Aug2025 22:32:18.918] [main/ERROR] [net.minecraft.Util/]: Entity illageandspillage:axe has no attributes
[02Aug2025 22:32:18.919] [main/ERROR] [net.minecraft.Util/]: Entity illageandspillage:bone has no attributes
[02Aug2025 22:32:18.919] [main/ERROR] [net.minecraft.Util/]: Entity illageandspillage:axe has no attributes
[02Aug2025 22:32:18.919] [main/ERROR] [net.minecraft.Util/]: Entity illageandspillage:bone has no attributes
[02Aug2025 22:32:18.919] [main/ERROR] [net.minecraft.Util/]: Entity illageandspillage:axe has no attributes
[02Aug2025 22:32:18.920] [main/ERROR] [net.minecraft.Util/]: Entity illageandspillage:bone has no attributes
[02Aug2025 22:32:18.920] [main/ERROR] [net.minecraft.Util/]: Entity illageandspillage:axe has no attributes
[02Aug2025 22:32:18.920] [main/ERROR] [net.minecraft.Util/]: Entity illageandspillage:bone has no attributes
[02Aug2025 22:32:18.920] [main/ERROR] [net.minecraft.Util/]: Entity illageandspillage:axe has no attributes
[02Aug2025 22:32:18.920] [main/ERROR] [net.minecraft.Util/]: Entity illageandspillage:bone has no attributes
[02Aug2025 22:32:18.921] [main/ERROR] [net.minecraft.Util/]: Entity illageandspillage:axe has no attributes
[02Aug2025 22:32:18.921] [main/ERROR] [net.minecraft.Util/]: Entity illageandspillage:bone has no attributes
[02Aug2025 22:32:18.921] [main/ERROR] [net.minecraft.Util/]: Entity illageandspillage:axe has no attributes
[02Aug2025 22:32:18.921] [main/ERROR] [net.minecraft.Util/]: Entity illageandspillage:bone has no attributes
[02Aug2025 22:32:18.921] [main/ERROR] [net.minecraft.Util/]: Entity illageandspillage:axe has no attributes
[02Aug2025 22:32:18.922] [main/ERROR] [net.minecraft.Util/]: Entity illageandspillage:bone has no attributes
[02Aug2025 22:32:18.922] [main/ERROR] [net.minecraft.Util/]: Entity illageandspillage:axe has no attributes
[02Aug2025 22:32:18.922] [main/ERROR] [net.minecraft.Util/]: Entity illageandspillage:bone has no attributes
[02Aug2025 22:32:18.922] [main/ERROR] [net.minecraft.Util/]: Entity illageandspillage:axe has no attributes
[02Aug2025 22:32:18.923] [main/ERROR] [net.minecraft.Util/]: Entity illageandspillage:bone has no attributes
[02Aug2025 22:32:18.923] [main/ERROR] [net.minecraft.Util/]: Entity illageandspillage:axe has no attributes
[02Aug2025 22:32:18.923] [main/ERROR] [net.minecraft.Util/]: Entity illageandspillage:bone has no attributes
[02Aug2025 22:32:18.923] [main/ERROR] [net.minecraft.Util/]: Entity illageandspillage:axe has no attributes
[02Aug2025 22:32:18.924] [main/ERROR] [net.minecraft.Util/]: Entity illageandspillage:bone has no attributes
[02Aug2025 22:32:18.924] [main/ERROR] [net.minecraft.Util/]: Entity illageandspillage:axe has no attributes
[02Aug2025 22:32:18.924] [main/ERROR] [net.minecraft.Util/]: Entity illageandspillage:bone has no attributes
[02Aug2025 22:32:18.924] [main/ERROR] [net.minecraft.Util/]: Entity illageandspillage:axe has no attributes
[02Aug2025 22:32:18.924] [main/ERROR] [net.minecraft.Util/]: Entity illageandspillage:bone has no attributes
[02Aug2025 22:32:18.925] [main/ERROR] [net.minecraft.Util/]: Entity illageandspillage:axe has no attributes
[02Aug2025 22:32:18.925] [main/ERROR] [net.minecraft.Util/]: Entity illageandspillage:bone has no attributes
[02Aug2025 22:32:18.925] [main/ERROR] [net.minecraft.Util/]: Entity illageandspillage:axe has no attributes
[02Aug2025 22:32:19.048] [Forge Version Check/INFO] [net.minecraftforge.fml.VersionChecker/]: [mr_withering_heights] Found status: BETA Current: 1-alpha-1 Target: alpha-1+mod
[02Aug2025 22:32:19.048] [Forge Version Check/INFO] [net.minecraftforge.fml.VersionChecker/]: [supplementaries] Starting version check at https://raw.githubusercontent.com/MehVahdJukaar/Supplementaries/1.20/forge/update.json
[02Aug2025 22:32:19.059] [Forge Version Check/INFO] [net.minecraftforge.fml.VersionChecker/]: [supplementaries] Found status: BETA Current: 1.20-3.1.36 Target: null
[02Aug2025 22:32:19.060] [Forge Version Check/INFO] [net.minecraftforge.fml.VersionChecker/]: [advancementplaques] Starting version check at https://mc-update-check.anthonyhilyard.com/499826
[02Aug2025 22:32:19.360] [main/INFO] [com.mojang.authlib.yggdrasil.YggdrasilAuthenticationService/]: Environment: authHost='https://authserver.mojang.com', accountsHost='https://api.mojang.com', sessionHost='https://sessionserver.mojang.com', servicesHost='https://api.minecraftservices.com', name='PROD'
[02Aug2025 22:32:19.413] [Forge Version Check/INFO] [net.minecraftforge.fml.VersionChecker/]: [advancementplaques] Found status: OUTDATED Current: 1.6.7 Target: 1.6.9
[02Aug2025 22:32:19.414] [Forge Version Check/INFO] [net.minecraftforge.fml.VersionChecker/]: [moonlight] Starting version check at https://raw.githubusercontent.com/MehVahdJukaar/Moonlight/multi-loader/forge/update.json
[02Aug2025 22:32:19.432] [Forge Version Check/INFO] [net.minecraftforge.fml.VersionChecker/]: [moonlight] Found status: BETA Current: 1.20-2.15.0 Target: null
[02Aug2025 22:32:19.432] [Forge Version Check/INFO] [net.minecraftforge.fml.VersionChecker/]: [mr_serversleep] Starting version check at https://api.modrinth.com/updates/Cw8IlnGM/forge_updates.json
[02Aug2025 22:32:19.479] [main/INFO] [ModernFix/]: Bypassed Mojang DFU
[02Aug2025 22:32:19.530] [Forge Version Check/INFO] [net.minecraftforge.fml.VersionChecker/]: [mr_serversleep] Found status: AHEAD Current: 1-datapack Target: null
[02Aug2025 22:32:19.531] [Forge Version Check/INFO] [net.minecraftforge.fml.VersionChecker/]: [iceberg] Starting version check at https://mc-update-check.anthonyhilyard.com/520110
[02Aug2025 22:32:19.598] [Forge Version Check/INFO] [net.minecraftforge.fml.VersionChecker/]: [iceberg] Found status: UP_TO_DATE Current: 1.1.25 Target: null
[02Aug2025 22:32:19.599] [Forge Version Check/INFO] [net.minecraftforge.fml.VersionChecker/]: [cnc] Starting version check at https://raw.githubusercontent.com/endcollector/critters-n-crawlers-updater/main/update.json
[02Aug2025 22:32:19.726] [main/ERROR] [net.minecraft.Util/]: Entity illageandspillage:bone has no attributes
[02Aug2025 22:32:19.727] [main/ERROR] [net.minecraft.Util/]: Entity illageandspillage:axe has no attributes
[02Aug2025 22:32:19.727] [main/ERROR] [net.minecraft.Util/]: Entity illageandspillage:bone has no attributes
[02Aug2025 22:32:19.728] [main/ERROR] [net.minecraft.Util/]: Entity illageandspillage:axe has no attributes
[02Aug2025 22:32:19.729] [main/ERROR] [net.minecraft.Util/]: Entity illageandspillage:bone has no attributes
[02Aug2025 22:32:19.730] [main/ERROR] [net.minecraft.Util/]: Entity illageandspillage:axe has no attributes
[02Aug2025 22:32:19.730] [main/ERROR] [net.minecraft.Util/]: Entity illageandspillage:bone has no attributes
[02Aug2025 22:32:19.730] [main/ERROR] [net.minecraft.Util/]: Entity illageandspillage:axe has no attributes
[02Aug2025 22:32:19.731] [main/ERROR] [net.minecraft.Util/]: Entity illageandspillage:bone has no attributes
[02Aug2025 22:32:19.731] [main/ERROR] [net.minecraft.Util/]: Entity illageandspillage:axe has no attributes
[02Aug2025 22:32:19.732] [main/ERROR] [net.minecraft.Util/]: Entity illageandspillage:bone has no attributes
[02Aug2025 22:32:19.732] [main/ERROR] [net.minecraft.Util/]: Entity illageandspillage:axe has no attributes
[02Aug2025 22:32:19.733] [main/ERROR] [net.minecraft.Util/]: Entity illageandspillage:bone has no attributes
[02Aug2025 22:32:19.733] [main/ERROR] [net.minecraft.Util/]: Entity illageandspillage:axe has no attributes
[02Aug2025 22:32:19.733] [main/ERROR] [net.minecraft.Util/]: Entity illageandspillage:bone has no attributes
[02Aug2025 22:32:19.734] [main/ERROR] [net.minecraft.Util/]: Entity illageandspillage:axe has no attributes
[02Aug2025 22:32:19.734] [Forge Version Check/INFO] [net.minecraftforge.fml.VersionChecker/]: [cnc] Found status: OUTDATED Current: 2.2.2 Target: 2.2.5
[02Aug2025 22:32:19.735] [Forge Version Check/INFO] [net.minecraftforge.fml.VersionChecker/]: [inventoryhud] Starting version check at https://raw.githubusercontent.com/DmitryLovin/pluginUpdate/master/invupdate.json
[02Aug2025 22:32:19.734] [main/ERROR] [net.minecraft.Util/]: Entity illageandspillage:bone has no attributes
[02Aug2025 22:32:19.736] [main/ERROR] [net.minecraft.Util/]: Entity illageandspillage:axe has no attributes
[02Aug2025 22:32:19.740] [main/ERROR] [net.minecraft.Util/]: Entity illageandspillage:bone has no attributes
[02Aug2025 22:32:19.740] [main/ERROR] [net.minecraft.Util/]: Entity illageandspillage:axe has no attributes
[02Aug2025 22:32:19.740] [main/ERROR] [net.minecraft.Util/]: Entity illageandspillage:bone has no attributes
[02Aug2025 22:32:19.740] [main/ERROR] [net.minecraft.Util/]: Entity illageandspillage:axe has no attributes
[02Aug2025 22:32:19.740] [main/ERROR] [net.minecraft.Util/]: Entity illageandspillage:bone has no attributes
[02Aug2025 22:32:19.740] [main/ERROR] [net.minecraft.Util/]: Entity illageandspillage:axe has no attributes
[02Aug2025 22:32:19.740] [main/ERROR] [net.minecraft.Util/]: Entity illageandspillage:bone has no attributes
[02Aug2025 22:32:19.741] [main/ERROR] [net.minecraft.Util/]: Entity illageandspillage:axe has no attributes
[02Aug2025 22:32:19.741] [main/ERROR] [net.minecraft.Util/]: Entity illageandspillage:bone has no attributes
[02Aug2025 22:32:19.741] [main/ERROR] [net.minecraft.Util/]: Entity illageandspillage:axe has no attributes
[02Aug2025 22:32:19.741] [main/ERROR] [net.minecraft.Util/]: Entity illageandspillage:bone has no attributes
[02Aug2025 22:32:19.741] [main/ERROR] [net.minecraft.Util/]: Entity illageandspillage:axe has no attributes
[02Aug2025 22:32:19.742] [main/ERROR] [net.minecraft.Util/]: Entity illageandspillage:bone has no attributes
[02Aug2025 22:32:19.742] [main/ERROR] [net.minecraft.Util/]: Entity illageandspillage:axe has no attributes
[02Aug2025 22:32:19.742] [main/ERROR] [net.minecraft.Util/]: Entity illageandspillage:bone has no attributes
[02Aug2025 22:32:19.742] [main/ERROR] [net.minecraft.Util/]: Entity illageandspillage:axe has no attributes
[02Aug2025 22:32:19.742] [main/ERROR] [net.minecraft.Util/]: Entity illageandspillage:bone has no attributes
[02Aug2025 22:32:19.743] [main/ERROR] [net.minecraft.Util/]: Entity illageandspillage:axe has no attributes
[02Aug2025 22:32:19.743] [main/ERROR] [net.minecraft.Util/]: Entity illageandspillage:bone has no attributes
[02Aug2025 22:32:19.743] [main/ERROR] [net.minecraft.Util/]: Entity illageandspillage:axe has no attributes
[02Aug2025 22:32:19.743] [main/ERROR] [net.minecraft.Util/]: Entity illageandspillage:bone has no attributes
[02Aug2025 22:32:19.743] [main/ERROR] [net.minecraft.Util/]: Entity illageandspillage:axe has no attributes
[02Aug2025 22:32:19.743] [main/ERROR] [net.minecraft.Util/]: Entity illageandspillage:bone has no attributes
[02Aug2025 22:32:19.743] [main/ERROR] [net.minecraft.Util/]: Entity illageandspillage:axe has no attributes
[02Aug2025 22:32:19.743] [main/ERROR] [net.minecraft.Util/]: Entity illageandspillage:bone has no attributes
[02Aug2025 22:32:19.744] [main/ERROR] [net.minecraft.Util/]: Entity illageandspillage:axe has no attributes
[02Aug2025 22:32:19.744] [main/ERROR] [net.minecraft.Util/]: Entity illageandspillage:bone has no attributes
[02Aug2025 22:32:19.744] [main/ERROR] [net.minecraft.Util/]: Entity illageandspillage:axe has no attributes
[02Aug2025 22:32:19.744] [main/ERROR] [net.minecraft.Util/]: Entity illageandspillage:bone has no attributes
[02Aug2025 22:32:19.744] [main/ERROR] [net.minecraft.Util/]: Entity illageandspillage:axe has no attributes
[02Aug2025 22:32:19.744] [main/ERROR] [net.minecraft.Util/]: Entity illageandspillage:bone has no attributes
[02Aug2025 22:32:19.744] [main/ERROR] [net.minecraft.Util/]: Entity illageandspillage:axe has no attributes
[02Aug2025 22:32:19.744] [main/ERROR] [net.minecraft.Util/]: Entity illageandspillage:bone has no attributes
[02Aug2025 22:32:19.744] [main/ERROR] [net.minecraft.Util/]: Entity illageandspillage:axe has no attributes
[02Aug2025 22:32:19.750] [main/ERROR] [net.minecraft.Util/]: Entity illageandspillage:bone has no attributes
[02Aug2025 22:32:19.750] [main/ERROR] [net.minecraft.Util/]: Entity illageandspillage:axe has no attributes
[02Aug2025 22:32:19.750] [main/ERROR] [net.minecraft.Util/]: Entity illageandspillage:bone has no attributes
[02Aug2025 22:32:19.750] [main/ERROR] [net.minecraft.Util/]: Entity illageandspillage:axe has no attributes
[02Aug2025 22:32:19.751] [main/ERROR] [net.minecraft.Util/]: Entity illageandspillage:bone has no attributes
[02Aug2025 22:32:19.751] [main/ERROR] [net.minecraft.Util/]: Entity illageandspillage:axe has no attributes
[02Aug2025 22:32:19.752] [main/ERROR] [net.minecraft.Util/]: Entity illageandspillage:bone has no attributes
[02Aug2025 22:32:19.752] [main/ERROR] [net.minecraft.Util/]: Entity illageandspillage:axe has no attributes
[02Aug2025 22:32:19.752] [main/ERROR] [net.minecraft.Util/]: Entity illageandspillage:bone has no attributes
[02Aug2025 22:32:19.752] [main/ERROR] [net.minecraft.Util/]: Entity illageandspillage:axe has no attributes
[02Aug2025 22:32:19.754] [Forge Version Check/INFO] [net.minecraftforge.fml.VersionChecker/]: [inventoryhud] Found status: UP_TO_DATE Current: 3.4.26 Target: null
[02Aug2025 22:32:19.757] [Forge Version Check/INFO] [net.minecraftforge.fml.VersionChecker/]: [tombstone] Starting version check at https://raw.githubusercontent.com/Corail31/tombstone_lite/master/update.json
[02Aug2025 22:32:19.773] [Forge Version Check/INFO] [net.minecraftforge.fml.VersionChecker/]: [tombstone] Found status: OUTDATED Current: 9.0.2 Target: 9.0.6
[02Aug2025 22:32:19.774] [Forge Version Check/INFO] [net.minecraftforge.fml.VersionChecker/]: [cumulus_menus] Starting version check at https://github.com/The-Aether-Team/Cumulus/raw/1.20.1-develop/update.json
[02Aug2025 22:32:19.840] [Forge Version Check/INFO] [net.minecraftforge.fml.VersionChecker/]: [cumulus_menus] Found status: OUTDATED Current: 1.20.1-1.0.0-beta.1-neoforge Target: 1.20.1-1.0.1-neoforge
[02Aug2025 22:32:19.841] [Forge Version Check/INFO] [net.minecraftforge.fml.VersionChecker/]: [puzzleslib] Starting version check at https://raw.githubusercontent.com/Fuzss/modresources/main/update/puzzleslib.json
[02Aug2025 22:32:19.855] [Forge Version Check/INFO] [net.minecraftforge.fml.VersionChecker/]: [puzzleslib] Found status: UP_TO_DATE Current: 8.1.32 Target: null
[02Aug2025 22:32:19.855] [Forge Version Check/INFO] [net.minecraftforge.fml.VersionChecker/]: [framework] Starting version check at https://mrcrayfish.com/modupdatejson?id=framework
[02Aug2025 22:32:19.875] [main/ERROR] [net.minecraft.Util/]: Entity illageandspillage:bone has no attributes
[02Aug2025 22:32:19.875] [main/ERROR] [net.minecraft.Util/]: Entity illageandspillage:axe has no attributes
[02Aug2025 22:32:19.875] [main/ERROR] [net.minecraft.Util/]: Entity illageandspillage:bone has no attributes
[02Aug2025 22:32:19.875] [main/ERROR] [net.minecraft.Util/]: Entity illageandspillage:axe has no attributes
[02Aug2025 22:32:19.876] [main/ERROR] [net.minecraft.Util/]: Entity illageandspillage:bone has no attributes
[02Aug2025 22:32:19.876] [main/ERROR] [net.minecraft.Util/]: Entity illageandspillage:axe has no attributes
[02Aug2025 22:32:19.876] [main/ERROR] [net.minecraft.Util/]: Entity illageandspillage:bone has no attributes
[02Aug2025 22:32:19.876] [main/ERROR] [net.minecraft.Util/]: Entity illageandspillage:axe has no attributes
[02Aug2025 22:32:19.876] [main/ERROR] [net.minecraft.Util/]: Entity illageandspillage:bone has no attributes
[02Aug2025 22:32:19.876] [main/ERROR] [net.minecraft.Util/]: Entity illageandspillage:axe has no attributes
[02Aug2025 22:32:19.876] [main/ERROR] [net.minecraft.Util/]: Entity illageandspillage:bone has no attributes
[02Aug2025 22:32:19.877] [main/ERROR] [net.minecraft.Util/]: Entity illageandspillage:axe has no attributes
[02Aug2025 22:32:19.877] [main/ERROR] [net.minecraft.Util/]: Entity illageandspillage:bone has no attributes
[02Aug2025 22:32:19.877] [main/ERROR] [net.minecraft.Util/]: Entity illageandspillage:axe has no attributes
[02Aug2025 22:32:19.877] [main/ERROR] [net.minecraft.Util/]: Entity illageandspillage:bone has no attributes
[02Aug2025 22:32:19.877] [main/ERROR] [net.minecraft.Util/]: Entity illageandspillage:axe has no attributes
[02Aug2025 22:32:19.878] [main/ERROR] [net.minecraft.Util/]: Entity illageandspillage:bone has no attributes
[02Aug2025 22:32:19.878] [main/ERROR] [net.minecraft.Util/]: Entity illageandspillage:axe has no attributes
[02Aug2025 22:32:19.878] [main/ERROR] [net.minecraft.Util/]: Entity illageandspillage:bone has no attributes
[02Aug2025 22:32:19.878] [main/ERROR] [net.minecraft.Util/]: Entity illageandspillage:axe has no attributes
[02Aug2025 22:32:19.878] [main/ERROR] [net.minecraft.Util/]: Entity illageandspillage:bone has no attributes
[02Aug2025 22:32:19.878] [main/ERROR] [net.minecraft.Util/]: Entity illageandspillage:axe has no attributes
[02Aug2025 22:32:19.878] [main/ERROR] [net.minecraft.Util/]: Entity illageandspillage:bone has no attributes
[02Aug2025 22:32:19.878] [main/ERROR] [net.minecraft.Util/]: Entity illageandspillage:axe has no attributes
[02Aug2025 22:32:19.878] [main/ERROR] [net.minecraft.Util/]: Entity illageandspillage:bone has no attributes
[02Aug2025 22:32:19.879] [main/ERROR] [net.minecraft.Util/]: Entity illageandspillage:axe has no attributes
[02Aug2025 22:32:19.879] [main/ERROR] [net.minecraft.Util/]: Entity illageandspillage:bone has no attributes
[02Aug2025 22:32:19.879] [main/ERROR] [net.minecraft.Util/]: Entity illageandspillage:axe has no attributes
[02Aug2025 22:32:19.879] [main/ERROR] [net.minecraft.Util/]: Entity illageandspillage:bone has no attributes
[02Aug2025 22:32:19.879] [main/ERROR] [net.minecraft.Util/]: Entity illageandspillage:axe has no attributes
[02Aug2025 22:32:19.879] [main/ERROR] [net.minecraft.Util/]: Entity illageandspillage:bone has no attributes
[02Aug2025 22:32:19.879] [main/ERROR] [net.minecraft.Util/]: Entity illageandspillage:axe has no attributes
[02Aug2025 22:32:19.879] [main/ERROR] [net.minecraft.Util/]: Entity illageandspillage:bone has no attributes
[02Aug2025 22:32:19.879] [main/ERROR] [net.minecraft.Util/]: Entity illageandspillage:axe has no attributes
[02Aug2025 22:32:19.879] [main/ERROR] [net.minecraft.Util/]: Entity illageandspillage:bone has no attributes
[02Aug2025 22:32:19.880] [main/ERROR] [net.minecraft.Util/]: Entity illageandspillage:axe has no attributes
[02Aug2025 22:32:19.880] [main/ERROR] [net.minecraft.Util/]: Entity illageandspillage:bone has no attributes
[02Aug2025 22:32:19.880] [main/ERROR] [net.minecraft.Util/]: Entity illageandspillage:axe has no attributes
[02Aug2025 22:32:19.880] [main/ERROR] [net.minecraft.Util/]: Entity illageandspillage:bone has no attributes
[02Aug2025 22:32:19.880] [main/ERROR] [net.minecraft.Util/]: Entity illageandspillage:axe has no attributes
[02Aug2025 22:32:19.880] [main/ERROR] [net.minecraft.Util/]: Entity illageandspillage:bone has no attributes
[02Aug2025 22:32:19.880] [main/ERROR] [net.minecraft.Util/]: Entity illageandspillage:axe has no attributes
[02Aug2025 22:32:19.880] [main/ERROR] [net.minecraft.Util/]: Entity illageandspillage:bone has no attributes
[02Aug2025 22:32:19.880] [main/ERROR] [net.minecraft.Util/]: Entity illageandspillage:axe has no attributes
[02Aug2025 22:32:19.880] [main/ERROR] [net.minecraft.Util/]: Entity illageandspillage:bone has no attributes
[02Aug2025 22:32:19.880] [main/ERROR] [net.minecraft.Util/]: Entity illageandspillage:axe has no attributes
[02Aug2025 22:32:19.881] [main/ERROR] [net.minecraft.Util/]: Entity illageandspillage:bone has no attributes
[02Aug2025 22:32:19.881] [main/ERROR] [net.minecraft.Util/]: Entity illageandspillage:axe has no attributes
[02Aug2025 22:32:19.881] [main/ERROR] [net.minecraft.Util/]: Entity illageandspillage:bone has no attributes
[02Aug2025 22:32:19.881] [main/ERROR] [net.minecraft.Util/]: Entity illageandspillage:axe has no attributes
[02Aug2025 22:32:19.881] [main/ERROR] [net.minecraft.Util/]: Entity illageandspillage:bone has no attributes
[02Aug2025 22:32:19.881] [main/ERROR] [net.minecraft.Util/]: Entity illageandspillage:axe has no attributes
[02Aug2025 22:32:19.881] [main/ERROR] [net.minecraft.Util/]: Entity illageandspillage:bone has no attributes
[02Aug2025 22:32:19.881] [main/ERROR] [net.minecraft.Util/]: Entity illageandspillage:axe has no attributes
[02Aug2025 22:32:19.881] [main/ERROR] [net.minecraft.Util/]: Entity illageandspillage:bone has no attributes
[02Aug2025 22:32:19.881] [main/ERROR] [net.minecraft.Util/]: Entity illageandspillage:axe has no attributes
[02Aug2025 22:32:19.882] [main/ERROR] [net.minecraft.Util/]: Entity illageandspillage:bone has no attributes
[02Aug2025 22:32:19.882] [main/ERROR] [net.minecraft.Util/]: Entity illageandspillage:axe has no attributes
[02Aug2025 22:32:19.882] [main/ERROR] [net.minecraft.Util/]: Entity illageandspillage:bone has no attributes
[02Aug2025 22:32:19.882] [main/ERROR] [net.minecraft.Util/]: Entity illageandspillage:axe has no attributes
[02Aug2025 22:32:19.882] [main/ERROR] [net.minecraft.Util/]: Entity illageandspillage:bone has no attributes
[02Aug2025 22:32:19.882] [main/ERROR] [net.minecraft.Util/]: Entity illageandspillage:axe has no attributes
[02Aug2025 22:32:20.048] [Forge Version Check/WARN] [net.minecraftforge.fml.VersionChecker/]: Failed to process update information
com.google.gson.JsonSyntaxException: java.lang.IllegalStateException: Expected BEGIN_OBJECT but was STRING at line 1 column 1 path $
	at com.google.gson.Gson.fromJson(Gson.java:1226) ~[gson-2.10.jar%2372!/:?]
	at com.google.gson.Gson.fromJson(Gson.java:1124) ~[gson-2.10.jar%2372!/:?]
	at com.google.gson.Gson.fromJson(Gson.java:1034) ~[gson-2.10.jar%2372!/:?]
	at com.google.gson.Gson.fromJson(Gson.java:969) ~[gson-2.10.jar%2372!/:?]
	at net.minecraftforge.fml.VersionChecker$1.process(VersionChecker.java:183) ~[fmlcore-1.20.1-47.3.7.jar%23256!/:?]
	at java.lang.Iterable.forEach(Iterable.java:75) ~[?:?]
	at net.minecraftforge.fml.VersionChecker$1.run(VersionChecker.java:114) ~[fmlcore-1.20.1-47.3.7.jar%23256!/:?]
Caused by: java.lang.IllegalStateException: Expected BEGIN_OBJECT but was STRING at line 1 column 1 path $
	at com.google.gson.stream.JsonReader.beginObject(JsonReader.java:393) ~[gson-2.10.jar%2372!/:?]
	at com.google.gson.internal.bind.MapTypeAdapterFactory$Adapter.read(MapTypeAdapterFactory.java:182) ~[gson-2.10.jar%2372!/:?]
	at com.google.gson.internal.bind.MapTypeAdapterFactory$Adapter.read(MapTypeAdapterFactory.java:144) ~[gson-2.10.jar%2372!/:?]
	at com.google.gson.Gson.fromJson(Gson.java:1214) ~[gson-2.10.jar%2372!/:?]
	... 6 more
[02Aug2025 22:32:20.052] [Forge Version Check/INFO] [net.minecraftforge.fml.VersionChecker/]: [enchantinginfuser] Starting version check at https://raw.githubusercontent.com/Fuzss/modresources/main/update/enchantinginfuser.json
[02Aug2025 22:32:20.064] [Forge Version Check/INFO] [net.minecraftforge.fml.VersionChecker/]: [enchantinginfuser] Found status: OUTDATED Current: 8.0.2 Target: 8.0.3
[02Aug2025 22:32:20.065] [Forge Version Check/INFO] [net.minecraftforge.fml.VersionChecker/]: [aquamirae] Starting version check at https://raw.githubusercontent.com/ObscuriaLithium/Home/main/aquamirae/versions.json
[02Aug2025 22:32:20.068] [main/WARN] [net.minecraft.server.packs.VanillaPackResourcesBuilder/]: Assets URL 'union:/workspaces/DELUXLUBER/servidor_minecraft/libraries/net/minecraft/server/1.20.1-20230612.114412/server-1.20.1-20230612.114412-srg.jar%23255!/assets/.mcassetsroot' uses unexpected schema
[02Aug2025 22:32:20.068] [main/WARN] [net.minecraft.server.packs.VanillaPackResourcesBuilder/]: Assets URL 'union:/workspaces/DELUXLUBER/servidor_minecraft/libraries/net/minecraft/server/1.20.1-20230612.114412/server-1.20.1-20230612.114412-srg.jar%23255!/data/.mcassetsroot' uses unexpected schema
[02Aug2025 22:32:20.082] [Forge Version Check/WARN] [net.minecraftforge.fml.VersionChecker/]: Failed to process update information
com.google.gson.JsonSyntaxException: java.lang.IllegalStateException: Expected BEGIN_OBJECT but was NUMBER at line 1 column 4 path $
	at com.google.gson.Gson.fromJson(Gson.java:1226) ~[gson-2.10.jar%2372!/:?]
	at com.google.gson.Gson.fromJson(Gson.java:1124) ~[gson-2.10.jar%2372!/:?]
	at com.google.gson.Gson.fromJson(Gson.java:1034) ~[gson-2.10.jar%2372!/:?]
	at com.google.gson.Gson.fromJson(Gson.java:969) ~[gson-2.10.jar%2372!/:?]
	at net.minecraftforge.fml.VersionChecker$1.process(VersionChecker.java:183) ~[fmlcore-1.20.1-47.3.7.jar%23256!/:?]
	at java.lang.Iterable.forEach(Iterable.java:75) ~[?:?]
	at net.minecraftforge.fml.VersionChecker$1.run(VersionChecker.java:114) ~[fmlcore-1.20.1-47.3.7.jar%23256!/:?]
Caused by: java.lang.IllegalStateException: Expected BEGIN_OBJECT but was NUMBER at line 1 column 4 path $
	at com.google.gson.stream.JsonReader.beginObject(JsonReader.java:393) ~[gson-2.10.jar%2372!/:?]
	at com.google.gson.internal.bind.MapTypeAdapterFactory$Adapter.read(MapTypeAdapterFactory.java:182) ~[gson-2.10.jar%2372!/:?]
	at com.google.gson.internal.bind.MapTypeAdapterFactory$Adapter.read(MapTypeAdapterFactory.java:144) ~[gson-2.10.jar%2372!/:?]
	at com.google.gson.Gson.fromJson(Gson.java:1214) ~[gson-2.10.jar%2372!/:?]
	... 6 more
[02Aug2025 22:32:20.872] [main/INFO] [PFM-DataGen/]: Data Hash for Game Data and Variant List matched, skipping generation
[02Aug2025 22:32:23.490] [main/INFO] [com.github.alexthe666.alexsmobs.AlexsMobs/]: Adding datapack listener capsid_recipes
[02Aug2025 22:32:23.503] [ForkJoinPool.commonPool-worker-1/ERROR] [net.minecraftforge.eventbus.EventSubclassTransformer/EVENTBUS]: Could not find parent net/mehvahdjukaar/moonlight/api/resources/pack/DynamicResourcePack for class net/mehvahdjukaar/moonlight/api/resources/pack/DynamicTexturePack in classloader jdk.internal.loader.ClassLoaders$AppClassLoader@76ed5528 on thread Thread[ForkJoinPool.commonPool-worker-1,5,main]
[02Aug2025 22:32:23.503] [ForkJoinPool.commonPool-worker-1/ERROR] [net.minecraftforge.eventbus.EventSubclassTransformer/EVENTBUS]: An error occurred building event handler
java.lang.ClassNotFoundException: net.mehvahdjukaar.moonlight.api.resources.pack.DynamicResourcePack
	at jdk.internal.loader.BuiltinClassLoader.loadClass(BuiltinClassLoader.java:641) ~[?:?]
	at jdk.internal.loader.ClassLoaders$AppClassLoader.loadClass(ClassLoaders.java:188) ~[?:?]
	at java.lang.ClassLoader.loadClass(ClassLoader.java:525) ~[?:?]
	at net.minecraftforge.eventbus.EventSubclassTransformer.buildEvents(EventSubclassTransformer.java:97) ~[eventbus-6.0.5.jar%2352!/:?]
	at net.minecraftforge.eventbus.EventSubclassTransformer.transform(EventSubclassTransformer.java:48) ~[eventbus-6.0.5.jar%2352!/:?]
	at net.minecraftforge.eventbus.EventBusEngine.processClass(EventBusEngine.java:26) ~[eventbus-6.0.5.jar%2352!/:?]
	at net.minecraftforge.eventbus.service.ModLauncherService.processClassWithFlags(ModLauncherService.java:32) ~[eventbus-6.0.5.jar%2352!/:6.0.5+6.0.5+master.eb8e549b]
	at cpw.mods.modlauncher.LaunchPluginHandler.offerClassNodeToPlugins(LaunchPluginHandler.java:88) ~[modlauncher-10.0.9.jar%2355!/:?]
	at cpw.mods.modlauncher.ClassTransformer.transform(ClassTransformer.java:120) ~[modlauncher-10.0.9.jar%2355!/:?]
	at cpw.mods.modlauncher.TransformingClassLoader.maybeTransformClassBytes(TransformingClassLoader.java:50) ~[modlauncher-10.0.9.jar%2355!/:?]
	at cpw.mods.cl.ModuleClassLoader.readerToClass(ModuleClassLoader.java:113) ~[securejarhandler-2.1.10.jar:?]
	at cpw.mods.cl.ModuleClassLoader.lambda$findClass$15(ModuleClassLoader.java:219) ~[securejarhandler-2.1.10.jar:?]
	at cpw.mods.cl.ModuleClassLoader.loadFromModule(ModuleClassLoader.java:229) ~[securejarhandler-2.1.10.jar:?]
	at cpw.mods.cl.ModuleClassLoader.findClass(ModuleClassLoader.java:219) ~[securejarhandler-2.1.10.jar:?]
	at cpw.mods.cl.ModuleClassLoader.loadClass(ModuleClassLoader.java:135) ~[securejarhandler-2.1.10.jar:?]
	at java.lang.ClassLoader.loadClass(ClassLoader.java:525) ~[?:?]
	at net.mehvahdjukaar.moonlight.api.resources.pack.DynResourceGenerator.reloadResources(DynResourceGenerator.java:186) ~[?:?]
	at net.mehvahdjukaar.moonlight.api.resources.pack.DynResourceGenerator.onEarlyReload(DynResourceGenerator.java:172) ~[?:?]
	at net.mehvahdjukaar.moonlight.api.resources.pack.DynResourceGenerator.lambda$static$7(DynResourceGenerator.java:275) ~[?:?]
	at net.mehvahdjukaar.moonlight.api.events.forge.MoonlightEventsHelperImpl.lambda$postEvent$5(MoonlightEventsHelperImpl.java:43) ~[?:?]
	at java.util.concurrent.ConcurrentLinkedDeque.forEach(ConcurrentLinkedDeque.java:1650) ~[?:?]
	at net.mehvahdjukaar.moonlight.api.events.forge.MoonlightEventsHelperImpl.postEvent(MoonlightEventsHelperImpl.java:43) ~[?:?]
	at net.mehvahdjukaar.moonlight.api.events.MoonlightEventsHelper.postEvent(MoonlightEventsHelper.java) ~[?:?]
	at net.mehvahdjukaar.moonlight.core.misc.ReloadInstanceWrapper.lambda$earlyReloadTask$0(ReloadInstanceWrapper.java:29) ~[?:?]
	at java.util.concurrent.CompletableFuture$AsyncSupply.run(CompletableFuture.java:1768) ~[?:?]
	at java.util.concurrent.CompletableFuture$AsyncSupply.exec(CompletableFuture.java:1760) ~[?:?]
	at java.util.concurrent.ForkJoinTask.doExec(ForkJoinTask.java:373) ~[?:?]
	at java.util.concurrent.ForkJoinPool$WorkQueue.topLevelExec(ForkJoinPool.java:1182) ~[?:?]
	at java.util.concurrent.ForkJoinPool.scan(ForkJoinPool.java:1655) ~[?:?]
	at java.util.concurrent.ForkJoinPool.runWorker(ForkJoinPool.java:1622) ~[?:?]
	at java.util.concurrent.ForkJoinWorkerThread.run(ForkJoinWorkerThread.java:165) ~[?:?]
[02Aug2025 22:32:23.507] [ForkJoinPool.commonPool-worker-1/ERROR] [net.minecraftforge.eventbus.EventSubclassTransformer/EVENTBUS]: Could not find parent net/minecraft/tags/TagBuilder for class net/mehvahdjukaar/moonlight/api/resources/SimpleTagBuilder in classloader jdk.internal.loader.ClassLoaders$AppClassLoader@76ed5528 on thread Thread[ForkJoinPool.commonPool-worker-1,5,main]
[02Aug2025 22:32:23.507] [ForkJoinPool.commonPool-worker-1/ERROR] [net.minecraftforge.eventbus.EventSubclassTransformer/EVENTBUS]: An error occurred building event handler
java.lang.ClassNotFoundException: net.minecraft.tags.TagBuilder
	at jdk.internal.loader.BuiltinClassLoader.loadClass(BuiltinClassLoader.java:641) ~[?:?]
	at jdk.internal.loader.ClassLoaders$AppClassLoader.loadClass(ClassLoaders.java:188) ~[?:?]
	at java.lang.ClassLoader.loadClass(ClassLoader.java:525) ~[?:?]
	at net.minecraftforge.eventbus.EventSubclassTransformer.buildEvents(EventSubclassTransformer.java:97) ~[eventbus-6.0.5.jar%2352!/:?]
	at net.minecraftforge.eventbus.EventSubclassTransformer.transform(EventSubclassTransformer.java:48) ~[eventbus-6.0.5.jar%2352!/:?]
	at net.minecraftforge.eventbus.EventBusEngine.processClass(EventBusEngine.java:26) ~[eventbus-6.0.5.jar%2352!/:?]
	at net.minecraftforge.eventbus.service.ModLauncherService.processClassWithFlags(ModLauncherService.java:32) ~[eventbus-6.0.5.jar%2352!/:6.0.5+6.0.5+master.eb8e549b]
	at cpw.mods.modlauncher.LaunchPluginHandler.offerClassNodeToPlugins(LaunchPluginHandler.java:88) ~[modlauncher-10.0.9.jar%2355!/:?]
	at cpw.mods.modlauncher.ClassTransformer.transform(ClassTransformer.java:120) ~[modlauncher-10.0.9.jar%2355!/:?]
	at cpw.mods.modlauncher.TransformingClassLoader.maybeTransformClassBytes(TransformingClassLoader.java:50) ~[modlauncher-10.0.9.jar%2355!/:?]
	at cpw.mods.cl.ModuleClassLoader.readerToClass(ModuleClassLoader.java:113) ~[securejarhandler-2.1.10.jar:?]
	at cpw.mods.cl.ModuleClassLoader.lambda$findClass$15(ModuleClassLoader.java:219) ~[securejarhandler-2.1.10.jar:?]
	at cpw.mods.cl.ModuleClassLoader.loadFromModule(ModuleClassLoader.java:229) ~[securejarhandler-2.1.10.jar:?]
	at cpw.mods.cl.ModuleClassLoader.findClass(ModuleClassLoader.java:219) ~[securejarhandler-2.1.10.jar:?]
	at cpw.mods.cl.ModuleClassLoader.loadClass(ModuleClassLoader.java:135) ~[securejarhandler-2.1.10.jar:?]
	at java.lang.ClassLoader.loadClass(ClassLoader.java:525) ~[?:?]
	at net.mehvahdjukaar.supplementaries.dynamicpack.ServerDynamicResourcesGenerator.regenerateDynamicAssets(ServerDynamicResourcesGenerator.java:74) ~[?:?]
	at net.mehvahdjukaar.moonlight.api.resources.pack.DynResourceGenerator.regenerateDynamicAssets(DynResourceGenerator.java:77) ~[?:?]
	at net.mehvahdjukaar.moonlight.api.resources.pack.DynResourceGenerator.reloadResources(DynResourceGenerator.java:190) ~[?:?]
	at net.mehvahdjukaar.moonlight.api.resources.pack.DynResourceGenerator.onEarlyReload(DynResourceGenerator.java:172) ~[?:?]
	at net.mehvahdjukaar.moonlight.api.resources.pack.DynResourceGenerator.lambda$static$7(DynResourceGenerator.java:275) ~[?:?]
	at net.mehvahdjukaar.moonlight.api.events.forge.MoonlightEventsHelperImpl.lambda$postEvent$5(MoonlightEventsHelperImpl.java:43) ~[?:?]
	at java.util.concurrent.ConcurrentLinkedDeque.forEach(ConcurrentLinkedDeque.java:1650) ~[?:?]
	at net.mehvahdjukaar.moonlight.api.events.forge.MoonlightEventsHelperImpl.postEvent(MoonlightEventsHelperImpl.java:43) ~[?:?]
	at net.mehvahdjukaar.moonlight.api.events.MoonlightEventsHelper.postEvent(MoonlightEventsHelper.java) ~[?:?]
	at net.mehvahdjukaar.moonlight.core.misc.ReloadInstanceWrapper.lambda$earlyReloadTask$0(ReloadInstanceWrapper.java:29) ~[?:?]
	at java.util.concurrent.CompletableFuture$AsyncSupply.run(CompletableFuture.java:1768) ~[?:?]
	at java.util.concurrent.CompletableFuture$AsyncSupply.exec(CompletableFuture.java:1760) ~[?:?]
	at java.util.concurrent.ForkJoinTask.doExec(ForkJoinTask.java:373) ~[?:?]
	at java.util.concurrent.ForkJoinPool$WorkQueue.topLevelExec(ForkJoinPool.java:1182) ~[?:?]
	at java.util.concurrent.ForkJoinPool.scan(ForkJoinPool.java:1655) ~[?:?]
	at java.util.concurrent.ForkJoinPool.runWorker(ForkJoinPool.java:1622) ~[?:?]
	at java.util.concurrent.ForkJoinWorkerThread.run(ForkJoinWorkerThread.java:165) ~[?:?]
[02Aug2025 22:32:23.548] [ForkJoinPool.commonPool-worker-1/INFO] [Supplementaries/]: Tasks finished in: 0 ms
[02Aug2025 22:32:23.549] [ForkJoinPool.commonPool-worker-1/INFO] [Supplementaries/]: Generated runtime SERVER_DATA for pack Supplementaries Generated Pack (supplementaries) in: 1 ms (multithreaded)
[02Aug2025 22:32:23.549] [ForkJoinPool.commonPool-worker-1/INFO] [Moonlight/]: Generated runtime resources for 1 packs in a total of: 47 ms
[02Aug2025 22:32:23.631] [Worker-Main-1/ERROR] [net.minecraft.tags.TagLoader/]: Couldn't load tag legendary_monsters:ancient_stronghold_biomes as it is missing following references: minecraft:spruce_forest (from legendarymonsters-1.9.7 MC 1.20.1.jar)
[02Aug2025 22:32:23.637] [Worker-Main-3/ERROR] [net.minecraft.tags.TagLoader/]: Couldn't load tag wither_rework:wither_target_blacklist as it is missing following references: #minecraft:aquatic (from withering-heights-alpha-1.jar), 
	#minecraft:wither_friends (from withering-heights-alpha-1.jar)
[02Aug2025 22:32:24.771] [main/WARN] [net.minecraft.world.level.storage.loot.LootDataManager/]: Found loot table element validation problem in {loot_tables:alexsmobs:gameplay/seal_reward}.pools[0].entries[0]->{minecraft:gameplay/fishing/junk}.pools[1].condition[1]: Parameters [<parameter minecraft:origin>] are not provided in this context
[02Aug2025 22:32:24.810] [main/INFO] [net.minecraft.world.item.crafting.RecipeManager/]: Skipping loading recipe supplementaries:inspirations/blackboard_clear as it's serializer returned null
[02Aug2025 22:32:24.833] [main/INFO] [net.minecraft.world.item.crafting.RecipeManager/]: Skipping loading recipe supplementaries:inspirations/flag_dye as it's serializer returned null
[02Aug2025 22:32:24.867] [main/ERROR] [net.minecraft.world.item.crafting.RecipeManager/]: Parsing error loading recipe legendary_monsters:ancient_dripstone_brick_stairs_left: com.google.gson.JsonSyntaxException: Unknown item 'legendary_monsters:ancient_dripstone_brick'
[02Aug2025 22:32:24.869] [main/INFO] [net.minecraft.world.item.crafting.RecipeManager/]: Skipping loading recipe supplementaries:inspirations/flag_clear as it's serializer returned null
[02Aug2025 22:32:24.870] [main/ERROR] [net.minecraft.world.item.crafting.RecipeManager/]: Parsing error loading recipe naturalist:frontier_cap: com.google.gson.JsonSyntaxException: Invalid or unsupported recipe type 'forge:mod_loaded'
[02Aug2025 22:32:24.871] [main/ERROR] [net.minecraft.world.item.crafting.RecipeManager/]: Parsing error loading recipe legendary_monsters:purified_soul: com.google.gson.JsonSyntaxException: Invalid or unsupported recipe type 'minecraft:brewing'
[02Aug2025 22:32:24.874] [main/ERROR] [net.minecraft.world.item.crafting.RecipeManager/]: Parsing error loading recipe naturalist:frontier_cap_alt: com.google.gson.JsonSyntaxException: Invalid or unsupported recipe type 'forge:mod_loaded'
[02Aug2025 22:32:24.877] [main/ERROR] [net.minecraft.world.item.crafting.RecipeManager/]: Parsing error loading recipe legendary_monsters:dinosaur_bone_meal: com.google.gson.JsonSyntaxException: Unknown item 'legendary_monsters:dinosaur_bone_meal'
[02Aug2025 22:32:24.901] [main/INFO] [net.minecraft.world.item.crafting.RecipeManager/]: Loaded 24 recipes
[02Aug2025 22:32:24.902] [main/ERROR] [net.minecraft.server.ServerFunctionLibrary/]: Failed to load function wither_rework:wither/attack/0/projectile/rotation
java.util.concurrent.CompletionException: java.lang.IllegalArgumentException: Whilst parsing command on line 2: Incorrect argument for command at position 56: ...oat 1 run <--[HERE]
	at java.util.concurrent.CompletableFuture.encodeThrowable(CompletableFuture.java:315) ~[?:?]
	at java.util.concurrent.CompletableFuture.completeThrowable(CompletableFuture.java:320) ~[?:?]
	at java.util.concurrent.CompletableFuture$AsyncSupply.run(CompletableFuture.java:1770) ~[?:?]
	at java.util.concurrent.CompletableFuture$AsyncSupply.exec(CompletableFuture.java:1760) ~[?:?]
	at java.util.concurrent.ForkJoinTask.doExec(ForkJoinTask.java:373) ~[?:?]
	at java.util.concurrent.ForkJoinPool$WorkQueue.topLevelExec(ForkJoinPool.java:1182) ~[?:?]
	at java.util.concurrent.ForkJoinPool.scan(ForkJoinPool.java:1655) ~[?:?]
	at java.util.concurrent.ForkJoinPool.runWorker(ForkJoinPool.java:1622) ~[?:?]
	at java.util.concurrent.ForkJoinWorkerThread.run(ForkJoinWorkerThread.java:165) ~[?:?]
Caused by: java.lang.IllegalArgumentException: Whilst parsing command on line 2: Incorrect argument for command at position 56: ...oat 1 run <--[HERE]
	at net.minecraft.commands.CommandFunction.m_77984_(CommandFunction.java:63) ~[server-1.20.1-20230612.114412-srg.jar%23255!/:?]
	at net.minecraft.server.ServerFunctionLibrary.m_214320_(ServerFunctionLibrary.java:83) ~[server-1.20.1-20230612.114412-srg.jar%23255!/:?]
	at java.util.concurrent.CompletableFuture$AsyncSupply.run(CompletableFuture.java:1768) ~[?:?]
	... 6 more
[02Aug2025 22:32:24.903] [main/ERROR] [net.minecraft.server.ServerFunctionLibrary/]: Failed to load function wither_rework:wither/attack/2/phase_2/projectile/impact
java.util.concurrent.CompletionException: java.lang.IllegalArgumentException: Whilst parsing command on line 2: Unknown selector type '@n' at position 58: ...osion by @<--[HERE]
	at java.util.concurrent.CompletableFuture.encodeThrowable(CompletableFuture.java:315) ~[?:?]
	at java.util.concurrent.CompletableFuture.completeThrowable(CompletableFuture.java:320) ~[?:?]
	at java.util.concurrent.CompletableFuture$AsyncSupply.run(CompletableFuture.java:1770) ~[?:?]
	at java.util.concurrent.CompletableFuture$AsyncSupply.exec(CompletableFuture.java:1760) ~[?:?]
	at java.util.concurrent.ForkJoinTask.doExec(ForkJoinTask.java:373) ~[?:?]
	at java.util.concurrent.ForkJoinPool$WorkQueue.topLevelExec(ForkJoinPool.java:1182) ~[?:?]
	at java.util.concurrent.ForkJoinPool.scan(ForkJoinPool.java:1655) ~[?:?]
	at java.util.concurrent.ForkJoinPool.runWorker(ForkJoinPool.java:1622) ~[?:?]
	at java.util.concurrent.ForkJoinWorkerThread.run(ForkJoinWorkerThread.java:165) ~[?:?]
Caused by: java.lang.IllegalArgumentException: Whilst parsing command on line 2: Unknown selector type '@n' at position 58: ...osion by @<--[HERE]
	at net.minecraft.commands.CommandFunction.m_77984_(CommandFunction.java:63) ~[server-1.20.1-20230612.114412-srg.jar%23255!/:?]
	at net.minecraft.server.ServerFunctionLibrary.m_214320_(ServerFunctionLibrary.java:83) ~[server-1.20.1-20230612.114412-srg.jar%23255!/:?]
	at java.util.concurrent.CompletableFuture$AsyncSupply.run(CompletableFuture.java:1768) ~[?:?]
	... 6 more
[02Aug2025 22:32:24.903] [main/ERROR] [net.minecraft.server.ServerFunctionLibrary/]: Failed to load function wither_rework:wither/attack/2/phase_2/projectile/effect/trajectory
java.util.concurrent.CompletionException: java.lang.IllegalArgumentException: Whilst parsing command on line 1: Expected ' ' at position 30: ...transition<--[HERE]
	at java.util.concurrent.CompletableFuture.encodeThrowable(CompletableFuture.java:315) ~[?:?]
	at java.util.concurrent.CompletableFuture.completeThrowable(CompletableFuture.java:320) ~[?:?]
	at java.util.concurrent.CompletableFuture$AsyncSupply.run(CompletableFuture.java:1770) ~[?:?]
	at java.util.concurrent.CompletableFuture$AsyncSupply.exec(CompletableFuture.java:1760) ~[?:?]
	at java.util.concurrent.ForkJoinTask.doExec(ForkJoinTask.java:373) ~[?:?]
	at java.util.concurrent.ForkJoinPool$WorkQueue.topLevelExec(ForkJoinPool.java:1182) ~[?:?]
	at java.util.concurrent.ForkJoinPool.scan(ForkJoinPool.java:1655) ~[?:?]
	at java.util.concurrent.ForkJoinPool.runWorker(ForkJoinPool.java:1622) ~[?:?]
	at java.util.concurrent.ForkJoinWorkerThread.run(ForkJoinWorkerThread.java:165) ~[?:?]
Caused by: java.lang.IllegalArgumentException: Whilst parsing command on line 1: Expected ' ' at position 30: ...transition<--[HERE]
	at net.minecraft.commands.CommandFunction.m_77984_(CommandFunction.java:63) ~[server-1.20.1-20230612.114412-srg.jar%23255!/:?]
	at net.minecraft.server.ServerFunctionLibrary.m_214320_(ServerFunctionLibrary.java:83) ~[server-1.20.1-20230612.114412-srg.jar%23255!/:?]
	at java.util.concurrent.CompletableFuture$AsyncSupply.run(CompletableFuture.java:1768) ~[?:?]
	... 6 more
[02Aug2025 22:32:24.992] [main/ERROR] [net.minecraft.server.ServerAdvancementManager/]: Parsing error loading custom advancement supplementaries:recipes/planter_rich: Unknown item id 'farmersdelight:rich_soil'
[02Aug2025 22:32:25.020] [main/ERROR] [net.minecraft.server.ServerAdvancementManager/]: Parsing error loading custom advancement legendary_monsters:defeat_ambusher: Expected item to be an item, was unknown string 'legendary_monsters:ancient_dripstone_shard'
[02Aug2025 22:32:25.066] [main/ERROR] [net.minecraft.advancements.AdvancementList/]: Couldn't load advancement terramity:opaline_moonstone_advancement: Task Advancement{parentId=terramity:prismatic_jewel_advancement, display=net.minecraft.advancements.DisplayInfo@284c9eae, rewards=AdvancementRewards{experience=20, loot=[], recipes=[], function=net.minecraft.commands.CommandFunction$CacheableFunction@6bbb3415}, criteria={opaline_moonstone_advancement_0=net.minecraft.advancements.Criterion@6b90944}, requirements=[[opaline_moonstone_advancement_0]], sends_telemetry_event=false}
[02Aug2025 22:32:25.067] [main/ERROR] [net.minecraft.advancements.AdvancementList/]: Couldn't load advancement terramity:ocarina_advancement: Task Advancement{parentId=terramity:prismatic_jewel_advancement, display=net.minecraft.advancements.DisplayInfo@d439ec5, rewards=AdvancementRewards{experience=60, loot=[], recipes=[], function=net.minecraft.commands.CommandFunction$CacheableFunction@6bbb3415}, criteria={ocarina_advancement_0=net.minecraft.advancements.Criterion@43fe4500}, requirements=[[ocarina_advancement_0]], sends_telemetry_event=false}
[02Aug2025 22:32:25.067] [main/ERROR] [net.minecraft.advancements.AdvancementList/]: Couldn't load advancement terramity:fairy_advancement: Task Advancement{parentId=terramity:deleted_mod_element, display=net.minecraft.advancements.DisplayInfo@c5f2e1b, rewards=AdvancementRewards{experience=0, loot=[], recipes=[], function=net.minecraft.commands.CommandFunction$CacheableFunction@6bbb3415}, criteria={fairy_advancement_0=net.minecraft.advancements.Criterion@3d38acd5}, requirements=[[fairy_advancement_0]], sends_telemetry_event=false}
[02Aug2025 22:32:25.068] [main/ERROR] [net.minecraft.advancements.AdvancementList/]: Couldn't load advancement terramity:prismatic_jewel_advancement: Task Advancement{parentId=terramity:fairy_advancement, display=net.minecraft.advancements.DisplayInfo@27c69657, rewards=AdvancementRewards{experience=0, loot=[], recipes=[], function=net.minecraft.commands.CommandFunction$CacheableFunction@6bbb3415}, criteria={prismatic_jewel_advancement_0=net.minecraft.advancements.Criterion@5f60c87e}, requirements=[[prismatic_jewel_advancement_0]], sends_telemetry_event=false}
[02Aug2025 22:32:25.068] [main/ERROR] [net.minecraft.advancements.AdvancementList/]: Couldn't load advancement terramity:frenzied_flame_advancement: Task Advancement{parentId=terramity:prismatic_jewel_advancement, display=net.minecraft.advancements.DisplayInfo@440a4bb1, rewards=AdvancementRewards{experience=100, loot=[], recipes=[], function=net.minecraft.commands.CommandFunction$CacheableFunction@6bbb3415}, criteria={frenzied_flame_advancement_0=net.minecraft.advancements.Criterion@1df04876}, requirements=[[frenzied_flame_advancement_0]], sends_telemetry_event=false}
[02Aug2025 22:32:25.068] [main/ERROR] [net.minecraft.advancements.AdvancementList/]: Couldn't load advancement terramity:angel_feather_advancement: Task Advancement{parentId=terramity:prismatic_jewel_advancement, display=net.minecraft.advancements.DisplayInfo@260fa1b8, rewards=AdvancementRewards{experience=20, loot=[], recipes=[], function=net.minecraft.commands.CommandFunction$CacheableFunction@6bbb3415}, criteria={angel_feather_advancement_0=net.minecraft.advancements.Criterion@3923eef7}, requirements=[[angel_feather_advancement_0]], sends_telemetry_event=false}
[02Aug2025 22:32:25.069] [main/ERROR] [net.minecraft.advancements.AdvancementList/]: Couldn't load advancement terramity:microcosm_advancement: Task Advancement{parentId=terramity:prismatic_jewel_advancement, display=net.minecraft.advancements.DisplayInfo@5a1d8a0, rewards=AdvancementRewards{experience=20, loot=[], recipes=[], function=net.minecraft.commands.CommandFunction$CacheableFunction@6bbb3415}, criteria={microcosm_advancement_0=net.minecraft.advancements.Criterion@2353dab5}, requirements=[[microcosm_advancement_0]], sends_telemetry_event=false}
[02Aug2025 22:32:25.069] [main/INFO] [net.minecraft.advancements.AdvancementList/]: Loaded 3003 advancements
[02Aug2025 22:32:25.074] [main/INFO] [atomicstryker.dynamiclights.server.ItemLightLevels/]: Clearing item tag to light level mapping cache
[02Aug2025 22:32:25.080] [main/INFO] [Dungeon Crawl/]: Loading data...
[02Aug2025 22:32:25.475] [main/INFO] [Dungeon Crawl/]: Done.
[02Aug2025 22:32:25.495] [main/INFO] [Supplementaries/]: Loaded 27 flute songs
[02Aug2025 22:32:25.511] [main/INFO] [top.theillusivec4.curios.Curios/]: Loaded 19 curio slots
[02Aug2025 22:32:25.517] [main/INFO] [top.theillusivec4.curios.Curios/]: Loaded 9 curio entities
[02Aug2025 22:32:25.524] [main/WARN] [net.minecraft.core.MappedRegistry/]: Not all defined tags for registry ResourceKey[minecraft:root / minecraft:worldgen/biome] are present in data pack: minecraft:is_plains
[02Aug2025 22:32:25.592] [main/INFO] [Moonlight/]: Applied 7 data villager trades
[02Aug2025 22:32:25.628] [main/INFO] [Supplementaries/]: Finished additional setup in 0 ms
[02Aug2025 22:32:26.161] [Server thread/INFO] [net.minecraft.server.dedicated.DedicatedServer/]: Starting minecraft server version 1.20.1
[02Aug2025 22:32:26.162] [Server thread/INFO] [net.minecraft.server.dedicated.DedicatedServer/]: Loading properties
[02Aug2025 22:32:26.162] [Server thread/INFO] [net.minecraft.server.dedicated.DedicatedServer/]: Default game type: SURVIVAL
[02Aug2025 22:32:26.162] [Server thread/INFO] [net.minecraft.server.MinecraftServer/]: Generating keypair
[02Aug2025 22:32:26.224] [Server thread/INFO] [net.minecraft.server.dedicated.DedicatedServer/]: Starting Minecraft server on *:25565
[02Aug2025 22:32:26.260] [Server thread/INFO] [net.minecraft.server.network.ServerConnectionListener/]: Using epoll channel type
[02Aug2025 22:32:26.342] [Server thread/WARN] [net.minecraft.server.dedicated.DedicatedServer/]: **** SERVER IS RUNNING IN OFFLINE/INSECURE MODE!
[02Aug2025 22:32:26.342] [Server thread/WARN] [net.minecraft.server.dedicated.DedicatedServer/]: The server will make no attempt to authenticate usernames. Beware.
[02Aug2025 22:32:26.342] [Server thread/WARN] [net.minecraft.server.dedicated.DedicatedServer/]: While this makes the game possible to play without internet access, it also opens up the ability for hackers to connect with any username they choose.
[02Aug2025 22:32:26.343] [Server thread/WARN] [net.minecraft.server.dedicated.DedicatedServer/]: To change this, set "online-mode" to "true" in the server.properties file.
[02Aug2025 22:32:26.355] [Server thread/INFO] [journeymap/]: Loading JourneyMap Forge Configs
[02Aug2025 22:32:26.374] [Server thread/INFO] [Puzzles Lib/]: Loading server config for enchantinginfuser
[02Aug2025 22:32:26.525] [Server thread/INFO] [atomicstryker.dynamiclights.server.modules.PlayerSelfLightSource/]: item config parser identified itemstack 1 torch
[02Aug2025 22:32:26.527] [Server thread/INFO] [atomicstryker.dynamiclights.server.modules.PlayerSelfLightSource/]: item config parser identified itemstack 1 glowstone
[02Aug2025 22:32:26.527] [Server thread/INFO] [atomicstryker.dynamiclights.server.modules.PlayerSelfLightSource/]: item config parser finished, item count: 2
[02Aug2025 22:32:26.527] [Server thread/INFO] [atomicstryker.dynamiclights.server.modules.PlayerSelfLightSource/]: item config parser identified itemstack 1 torch
[02Aug2025 22:32:26.527] [Server thread/INFO] [atomicstryker.dynamiclights.server.modules.PlayerSelfLightSource/]: item config parser finished, item count: 1
[02Aug2025 22:32:26.528] [Server thread/INFO] [atomicstryker.dynamiclights.server.modules.DroppedItemsLightSource/]: item config parser identified itemstack 1 torch
[02Aug2025 22:32:26.528] [Server thread/INFO] [atomicstryker.dynamiclights.server.modules.DroppedItemsLightSource/]: item config parser identified itemstack 1 glowstone
[02Aug2025 22:32:26.528] [Server thread/INFO] [atomicstryker.dynamiclights.server.modules.DroppedItemsLightSource/]: item config parser finished, item count: 2
[02Aug2025 22:32:26.530] [Server thread/INFO] [atomicstryker.dynamiclights.server.modules.DroppedItemsLightSource/]: item config parser identified itemstack 1 torch
[02Aug2025 22:32:26.530] [Server thread/INFO] [atomicstryker.dynamiclights.server.modules.DroppedItemsLightSource/]: item config parser finished, item count: 1
[02Aug2025 22:32:26.539] [Server thread/INFO] [Explorations/]: Config 'explorations.json' was successfully loaded.
[02Aug2025 22:32:26.541] [Server thread/INFO] [Explorations/]: Added statues to vanilla villages
[02Aug2025 22:32:26.672] [Server thread/INFO] [Framework/]: Loading server configs...
[02Aug2025 22:32:26.677] [Server thread/INFO] [net.minecraft.server.dedicated.DedicatedServer/]: Preparing level "world"
[02Aug2025 22:32:27.574] [Server thread/WARN] [net.minecraft.network.syncher.SynchedEntityData/]: defineId called for: class net.miauczel.legendary_monsters.entity.custom.IceSpikeEntity from class net.miauczel.legendary_monsters.entity.AnimatedMonster.Projectile.PowerBallBombEntity
[02Aug2025 22:32:27.574] [Server thread/WARN] [net.minecraft.network.syncher.SynchedEntityData/]: defineId called for: class net.miauczel.legendary_monsters.entity.custom.IceSpikeEntity from class net.miauczel.legendary_monsters.entity.AnimatedMonster.Projectile.PowerBallBombEntity
[02Aug2025 22:32:27.583] [Server thread/WARN] [net.minecraft.network.syncher.SynchedEntityData/]: defineId called for: class net.miauczel.legendary_monsters.entity.custom.IceSpikeEntity from class net.miauczel.legendary_monsters.entity.AnimatedMonster.Projectile.SmallPowerBallBombEntity
[02Aug2025 22:32:27.867] [Server thread/INFO] [net.minecraft.server.MinecraftServer/]: Preparing start region for dimension minecraft:overworld
[02Aug2025 22:32:29.316] [Server thread/INFO] [net.minecraft.server.level.progress.LoggerChunkProgressListener/]: Time elapsed: 5882669 ms
[02Aug2025 22:32:29.317] [Server thread/INFO] [net.minecraft.server.dedicated.DedicatedServer/]: Done (2.964s)! For help, type "help"
[02Aug2025 22:32:29.384] [Server thread/INFO] [net.minecraftforge.server.permission.PermissionAPI/]: Successfully initialized permission handler forge:default_handler
[02Aug2025 22:32:29.581] [Server thread/INFO] [com.yellowbrossproductions.illageandspillage.IllageAndSpillage/]: Removed entity.illageandspillage.boss_randomizer from Raids to prevent a post-mod-removal crash
[02Aug2025 22:32:29.582] [Server thread/INFO] [com.yellowbrossproductions.illageandspillage.IllageAndSpillage/]: Removed entity.illageandspillage.igniter from Raids to prevent a post-mod-removal crash
[02Aug2025 22:32:29.583] [Server thread/INFO] [com.yellowbrossproductions.illageandspillage.IllageAndSpillage/]: Removed entity.illageandspillage.engineer from Raids to prevent a post-mod-removal crash
[02Aug2025 22:32:29.583] [Server thread/INFO] [com.yellowbrossproductions.illageandspillage.IllageAndSpillage/]: Removed entity.illageandspillage.twittollager from Raids to prevent a post-mod-removal crash
[02Aug2025 22:32:29.583] [Server thread/INFO] [com.yellowbrossproductions.illageandspillage.IllageAndSpillage/]: Removed entity.illageandspillage.magispeller from Raids to prevent a post-mod-removal crash
[02Aug2025 22:32:29.584] [Server thread/INFO] [com.yellowbrossproductions.illageandspillage.IllageAndSpillage/]: Removed entity.illageandspillage.spiritcaller from Raids to prevent a post-mod-removal crash
[02Aug2025 22:32:29.584] [Server thread/INFO] [com.yellowbrossproductions.illageandspillage.IllageAndSpillage/]: Removed entity.illageandspillage.crocofang from Raids to prevent a post-mod-removal crash
[02Aug2025 22:32:29.584] [Server thread/INFO] [com.yellowbrossproductions.illageandspillage.IllageAndSpillage/]: Removed entity.illageandspillage.absorber from Raids to prevent a post-mod-removal crash
[02Aug2025 22:32:29.584] [Server thread/INFO] [com.yellowbrossproductions.illageandspillage.IllageAndSpillage/]: Removed entity.illageandspillage.preserver from Raids to prevent a post-mod-removal crash
[02Aug2025 22:32:29.584] [Server thread/INFO] [com.yellowbrossproductions.illageandspillage.IllageAndSpillage/]: Removed entity.illageandspillage.freakager from Raids to prevent a post-mod-removal crash
[02Aug2025 22:32:29.585] [Server thread/INFO] [com.yellowbrossproductions.illageandspillage.IllageAndSpillage/]: Removed entity.illageandspillage.old_freakager from Raids to prevent a post-mod-removal crash
[02Aug2025 22:32:29.585] [Server thread/INFO] [com.yellowbrossproductions.illageandspillage.IllageAndSpillage/]: Removed entity.illageandspillage.old_magispeller from Raids to prevent a post-mod-removal crash
[02Aug2025 22:32:29.605] [Server thread/INFO] [patchouli/]: Sending reload packet to clients
[02Aug2025 22:32:29.636] [Server thread/WARN] [ModernFix/]: Dedicated server took 37.796 seconds to load
[02Aug2025 22:32:37.632] [Server thread/INFO] [net.minecraft.server.players.PlayerList/]: GiovaniiYT15[/127.188.109.205:38389] logged in with entity id 979 at (-1879.7319251305025, 64.0, 2940.518759664166)
[02Aug2025 22:32:37.646] [Server thread/ERROR] [net.minecraftforge.fml.loading.RuntimeDistCleaner/DISTXFORM]: Attempted to load class net/minecraft/client/multiplayer/PlayerInfo for invalid dist DEDICATED_SERVER
[02Aug2025 22:32:37.646] [Server thread/ERROR] [ModernFix/]: Skipping entity ID sync for com.faboslav.friendsandfoes.common.entity.PlayerIllusionEntity: java.lang.RuntimeException: Attempted to load class net/minecraft/client/multiplayer/PlayerInfo for invalid dist DEDICATED_SERVER
[02Aug2025 22:32:37.763] [Server thread/INFO] [net.minecraft.server.MinecraftServer/]: GiovaniiYT15 joined the game
[02Aug2025 22:32:37.865] [Server thread/INFO] [Jade/]: Syncing config to GiovaniiYT15 (716504a6-70c1-3248-9807-9956be14b490)
[02Aug2025 22:32:40.459] [Server thread/WARN] [net.minecraft.server.MinecraftServer/]: Can't keep up! Is the server overloaded? Running 2818ms or 56 ticks behind
[02Aug2025 22:32:59.508] [Server thread/INFO] [net.minecraft.server.players.PlayerList/]: moshtro111876[/127.173.215.32:56747] logged in with entity id 1342 at (-1886.0, 63.0, 2939.0)
[02Aug2025 22:32:59.524] [Server thread/INFO] [net.minecraft.server.MinecraftServer/]: moshtro111876 joined the game
[02Aug2025 22:32:59.594] [Server thread/INFO] [Jade/]: Syncing config to moshtro111876 (e43ab439-6742-338a-b35f-7da80b1e63ae)
[02Aug2025 22:33:18.114] [Server thread/INFO] [net.minecraft.server.MinecraftServer/]: [Not Secure] <GiovaniiYT15> ya te dejo?
[02Aug2025 22:33:29.566] [Server thread/INFO] [net.minecraft.server.network.ServerGamePacketListenerImpl/]: moshtro111876 lost connection: Timed out
[02Aug2025 22:33:29.566] [Server thread/INFO] [net.minecraft.server.MinecraftServer/]: moshtro111876 left the game
[02Aug2025 22:34:56.163] [Server thread/INFO] [net.minecraft.server.MinecraftServer/]: [GiovaniiYT15: Set own game mode to Creative Mode]
[02Aug2025 22:35:03.635] [Server thread/INFO] [net.minecraft.server.players.PlayerList/]: moshtro111876[/127.173.215.32:36261] logged in with entity id 1710 at (-1886.0, 63.0, 2939.0)
[02Aug2025 22:35:03.651] [Server thread/INFO] [net.minecraft.server.MinecraftServer/]: moshtro111876 joined the game
[02Aug2025 22:35:03.698] [Server thread/INFO] [Jade/]: Syncing config to moshtro111876 (e43ab439-6742-338a-b35f-7da80b1e63ae)
[02Aug2025 22:35:33.759] [Server thread/INFO] [net.minecraft.server.network.ServerGamePacketListenerImpl/]: moshtro111876 lost connection: Timed out
[02Aug2025 22:35:33.760] [Server thread/INFO] [net.minecraft.server.MinecraftServer/]: moshtro111876 left the game
[02Aug2025 22:36:23.160] [Server thread/INFO] [net.minecraft.server.MinecraftServer/]: [GiovaniiYT15: Set own game mode to Survival Mode]
[02Aug2025 22:37:01.729] [Server thread/INFO] [net.minecraft.server.players.PlayerList/]: moshtro111876[/127.173.215.32:58511] logged in with entity id 2136 at (-1886.0, 63.0, 2939.0)
[02Aug2025 22:37:01.749] [Server thread/INFO] [net.minecraft.server.MinecraftServer/]: moshtro111876 joined the game
[02Aug2025 22:37:01.805] [Server thread/INFO] [Jade/]: Syncing config to moshtro111876 (e43ab439-6742-338a-b35f-7da80b1e63ae)
[02Aug2025 22:37:31.815] [Server thread/INFO] [net.minecraft.server.network.ServerGamePacketListenerImpl/]: moshtro111876 lost connection: Timed out
[02Aug2025 22:37:31.815] [Server thread/INFO] [net.minecraft.server.MinecraftServer/]: moshtro111876 left the game
[02Aug2025 22:40:22.222] [Server thread/INFO] [net.minecraft.server.MinecraftServer/]: [GiovaniiYT15: Set own game mode to Creative Mode]
[02Aug2025 22:42:29.762] [Server thread/INFO] [net.minecraft.server.MinecraftServer/]: [GiovaniiYT15: Set own game mode to Survival Mode]
[02Aug2025 22:43:46.930] [Server thread/INFO] [net.minecraft.server.MinecraftServer/]: [GiovaniiYT15: Set own game mode to Creative Mode]
[02Aug2025 22:43:55.459] [Server thread/INFO] [net.minecraft.server.MinecraftServer/]: [GiovaniiYT15: Set own game mode to Survival Mode]
[02Aug2025 22:45:49.616] [Server thread/INFO] [net.minecraft.server.network.ServerLoginPacketListenerImpl/]: com.mojang.authlib.GameProfile@3fbdfcf3[id=<null>,name=moshtro111876,properties={},legacy=false] (/127.173.215.32:57723) lost connection: Disconnected
[02Aug2025 22:48:52.382] [Server thread/INFO] [net.minecraft.server.players.PlayerList/]: moshtro111876[/127.173.215.32:55545] logged in with entity id 5841 at (-1886.0, 63.0, 2939.0)
[02Aug2025 22:48:52.392] [Server thread/INFO] [net.minecraft.server.MinecraftServer/]: moshtro111876 joined the game
[02Aug2025 22:48:52.431] [Server thread/INFO] [Jade/]: Syncing config to moshtro111876 (e43ab439-6742-338a-b35f-7da80b1e63ae)
[02Aug2025 22:49:22.510] [Server thread/INFO] [net.minecraft.server.network.ServerGamePacketListenerImpl/]: moshtro111876 lost connection: Timed out
[02Aug2025 22:49:22.510] [Server thread/INFO] [net.minecraft.server.MinecraftServer/]: moshtro111876 left the game
[02Aug2025 22:49:58.994] [Server thread/INFO] [net.minecraft.server.players.PlayerList/]: moshtro111876[/127.173.215.32:51633] logged in with entity id 6091 at (-1886.0, 63.0, 2939.0)
[02Aug2025 22:49:59.006] [Server thread/INFO] [net.minecraft.server.MinecraftServer/]: moshtro111876 joined the game
[02Aug2025 22:49:59.048] [Server thread/INFO] [Jade/]: Syncing config to moshtro111876 (e43ab439-6742-338a-b35f-7da80b1e63ae)
[02Aug2025 22:50:29.058] [Server thread/INFO] [net.minecraft.server.network.ServerGamePacketListenerImpl/]: moshtro111876 lost connection: Timed out
[02Aug2025 22:50:29.059] [Server thread/INFO] [net.minecraft.server.MinecraftServer/]: moshtro111876 left the game
[02Aug2025 22:51:05.178] [Server thread/INFO] [net.minecraft.server.players.PlayerList/]: moshtro111876[/127.173.215.32:36639] logged in with entity id 6306 at (-1886.0, 63.0, 2939.0)
[02Aug2025 22:51:05.187] [Server thread/INFO] [net.minecraft.server.MinecraftServer/]: moshtro111876 joined the game
[02Aug2025 22:51:05.229] [Server thread/INFO] [Jade/]: Syncing config to moshtro111876 (e43ab439-6742-338a-b35f-7da80b1e63ae)
[02Aug2025 22:51:35.269] [Server thread/INFO] [net.minecraft.server.network.ServerGamePacketListenerImpl/]: moshtro111876 lost connection: Timed out
[02Aug2025 22:51:35.270] [Server thread/INFO] [net.minecraft.server.MinecraftServer/]: moshtro111876 left the game
[02Aug2025 22:52:09.477] [Server thread/INFO] [net.minecraft.server.players.PlayerList/]: moshtro111876[/127.173.215.32:34469] logged in with entity id 6554 at (-1886.0, 63.0, 2939.0)
[02Aug2025 22:52:09.488] [Server thread/INFO] [net.minecraft.server.MinecraftServer/]: moshtro111876 joined the game
[02Aug2025 22:52:09.529] [Server thread/INFO] [Jade/]: Syncing config to moshtro111876 (e43ab439-6742-338a-b35f-7da80b1e63ae)
[02Aug2025 22:52:39.561] [Server thread/INFO] [net.minecraft.server.network.ServerGamePacketListenerImpl/]: moshtro111876 lost connection: Timed out
[02Aug2025 22:52:39.561] [Server thread/INFO] [net.minecraft.server.MinecraftServer/]: moshtro111876 left the game
[02Aug2025 22:53:27.673] [Server thread/INFO] [net.minecraft.server.players.PlayerList/]: moshtro111876[/127.173.215.32:49787] logged in with entity id 6883 at (-1886.0, 63.0, 2939.0)
[02Aug2025 22:53:27.682] [Server thread/INFO] [net.minecraft.server.MinecraftServer/]: moshtro111876 joined the game
[02Aug2025 22:53:27.721] [Server thread/INFO] [Jade/]: Syncing config to moshtro111876 (e43ab439-6742-338a-b35f-7da80b1e63ae)
[02Aug2025 22:53:57.819] [Server thread/INFO] [net.minecraft.server.network.ServerGamePacketListenerImpl/]: moshtro111876 lost connection: Timed out
[02Aug2025 22:53:57.819] [Server thread/INFO] [net.minecraft.server.MinecraftServer/]: moshtro111876 left the game
[02Aug2025 22:54:41.349] [Server thread/INFO] [net.minecraft.server.players.PlayerList/]: moshtro111876[/127.173.215.32:59231] logged in with entity id 7450 at (-1886.0, 63.0, 2939.0)
[02Aug2025 22:54:41.359] [Server thread/INFO] [net.minecraft.server.MinecraftServer/]: moshtro111876 joined the game
[02Aug2025 22:54:41.367] [Server thread/INFO] [Jade/]: Syncing config to moshtro111876 (e43ab439-6742-338a-b35f-7da80b1e63ae)
[02Aug2025 22:55:11.444] [Server thread/INFO] [net.minecraft.server.network.ServerGamePacketListenerImpl/]: moshtro111876 lost connection: Timed out
[02Aug2025 22:55:11.444] [Server thread/INFO] [net.minecraft.server.MinecraftServer/]: moshtro111876 left the game
[02Aug2025 22:55:28.762] [Worker-Main-3/ERROR] [net.minecraftforge.eventbus.EventSubclassTransformer/EVENTBUS]: Could not find parent net/minecraft/util/random/WeightedEntry$IntrusiveBase for class net/minecraftforge/common/DungeonHooks$DungeonMob in classloader jdk.internal.loader.ClassLoaders$AppClassLoader@76ed5528 on thread Thread[Worker-Main-3,4,main]
[02Aug2025 22:55:28.762] [Worker-Main-3/ERROR] [net.minecraftforge.eventbus.EventSubclassTransformer/EVENTBUS]: An error occurred building event handler
java.lang.ClassNotFoundException: net.minecraft.util.random.WeightedEntry$IntrusiveBase
	at jdk.internal.loader.BuiltinClassLoader.loadClass(BuiltinClassLoader.java:641) ~[?:?]
	at jdk.internal.loader.ClassLoaders$AppClassLoader.loadClass(ClassLoaders.java:188) ~[?:?]
	at java.lang.ClassLoader.loadClass(ClassLoader.java:525) ~[?:?]
	at net.minecraftforge.eventbus.EventSubclassTransformer.buildEvents(EventSubclassTransformer.java:97) ~[eventbus-6.0.5.jar%2352!/:?]
	at net.minecraftforge.eventbus.EventSubclassTransformer.transform(EventSubclassTransformer.java:48) ~[eventbus-6.0.5.jar%2352!/:?]
	at net.minecraftforge.eventbus.EventBusEngine.processClass(EventBusEngine.java:26) ~[eventbus-6.0.5.jar%2352!/:?]
	at net.minecraftforge.eventbus.service.ModLauncherService.processClassWithFlags(ModLauncherService.java:32) ~[eventbus-6.0.5.jar%2352!/:6.0.5+6.0.5+master.eb8e549b]
	at cpw.mods.modlauncher.LaunchPluginHandler.offerClassNodeToPlugins(LaunchPluginHandler.java:88) ~[modlauncher-10.0.9.jar%2355!/:?]
	at cpw.mods.modlauncher.ClassTransformer.transform(ClassTransformer.java:120) ~[modlauncher-10.0.9.jar%2355!/:?]
	at cpw.mods.modlauncher.TransformingClassLoader.maybeTransformClassBytes(TransformingClassLoader.java:50) ~[modlauncher-10.0.9.jar%2355!/:?]
	at cpw.mods.cl.ModuleClassLoader.readerToClass(ModuleClassLoader.java:113) ~[securejarhandler-2.1.10.jar:?]
	at cpw.mods.cl.ModuleClassLoader.lambda$findClass$15(ModuleClassLoader.java:219) ~[securejarhandler-2.1.10.jar:?]
	at cpw.mods.cl.ModuleClassLoader.loadFromModule(ModuleClassLoader.java:229) ~[securejarhandler-2.1.10.jar:?]
	at cpw.mods.cl.ModuleClassLoader.findClass(ModuleClassLoader.java:219) ~[securejarhandler-2.1.10.jar:?]
	at cpw.mods.cl.ModuleClassLoader.loadClass(ModuleClassLoader.java:135) ~[securejarhandler-2.1.10.jar:?]
	at java.lang.ClassLoader.loadClass(ClassLoader.java:525) ~[?:?]
	at net.minecraftforge.common.DungeonHooks.addDungeonMob(DungeonHooks.java:54) ~[?:?]
	at net.minecraftforge.common.DungeonHooks.<clinit>(DungeonHooks.java:107) ~[?:?]
	at net.minecraft.world.level.levelgen.feature.MonsterRoomFeature.m_225153_(MonsterRoomFeature.java:131) ~[?:?]
	at net.minecraft.world.level.levelgen.feature.MonsterRoomFeature.m_142674_(MonsterRoomFeature.java:119) ~[?:?]
	at net.minecraft.world.level.levelgen.feature.Feature.m_225028_(Feature.java:155) ~[?:?]
	at net.minecraft.world.level.levelgen.feature.ConfiguredFeature.m_224953_(ConfiguredFeature.java:28) ~[?:?]
	at net.minecraft.world.level.levelgen.placement.PlacedFeature.m_226362_(PlacedFeature.java:54) ~[?:?]
	at java.util.stream.ForEachOps$ForEachOp$OfRef.accept(ForEachOps.java:183) ~[?:?]
	at java.util.stream.Streams$StreamBuilderImpl.forEachRemaining(Streams.java:411) ~[?:?]
	at java.util.stream.ReferencePipeline$Head.forEach(ReferencePipeline.java:762) ~[?:?]
	at java.util.stream.ReferencePipeline$7$1.accept(ReferencePipeline.java:276) ~[?:?]
	at java.util.stream.Streams$StreamBuilderImpl.forEachRemaining(Streams.java:411) ~[?:?]
	at java.util.stream.ReferencePipeline$Head.forEach(ReferencePipeline.java:762) ~[?:?]
	at java.util.stream.ReferencePipeline$7$1.accept(ReferencePipeline.java:276) ~[?:?]
	at java.util.stream.Streams$StreamBuilderImpl.forEachRemaining(Streams.java:411) ~[?:?]
	at java.util.stream.ReferencePipeline$Head.forEach(ReferencePipeline.java:762) ~[?:?]
	at java.util.stream.ReferencePipeline$7$1.accept(ReferencePipeline.java:276) ~[?:?]
	at java.util.stream.ForEachOps$ForEachOp$OfRef.accept(ForEachOps.java:183) ~[?:?]
	at java.util.stream.IntPipeline$1$1.accept(IntPipeline.java:180) ~[?:?]
	at java.util.stream.Streams$RangeIntSpliterator.forEachRemaining(Streams.java:104) ~[?:?]
	at java.util.Spliterator$OfInt.forEachRemaining(Spliterator.java:711) ~[?:?]
	at java.util.stream.AbstractPipeline.copyInto(AbstractPipeline.java:509) ~[?:?]
	at java.util.stream.AbstractPipeline.wrapAndCopyInto(AbstractPipeline.java:499) ~[?:?]
	at java.util.stream.ForEachOps$ForEachOp.evaluateSequential(ForEachOps.java:150) ~[?:?]
	at java.util.stream.ForEachOps$ForEachOp$OfRef.evaluateSequential(ForEachOps.java:173) ~[?:?]
	at java.util.stream.AbstractPipeline.evaluate(AbstractPipeline.java:234) ~[?:?]
	at java.util.stream.ReferencePipeline.forEach(ReferencePipeline.java:596) ~[?:?]
	at java.util.stream.ReferencePipeline$7$1.accept(ReferencePipeline.java:276) ~[?:?]
	at java.util.stream.Streams$StreamBuilderImpl.forEachRemaining(Streams.java:411) ~[?:?]
	at java.util.stream.AbstractPipeline.copyInto(AbstractPipeline.java:509) ~[?:?]
	at java.util.stream.AbstractPipeline.wrapAndCopyInto(AbstractPipeline.java:499) ~[?:?]
	at java.util.stream.ForEachOps$ForEachOp.evaluateSequential(ForEachOps.java:150) ~[?:?]
	at java.util.stream.ForEachOps$ForEachOp$OfRef.evaluateSequential(ForEachOps.java:173) ~[?:?]
	at java.util.stream.AbstractPipeline.evaluate(AbstractPipeline.java:234) ~[?:?]
	at java.util.stream.ReferencePipeline.forEach(ReferencePipeline.java:596) ~[?:?]
	at net.minecraft.world.level.levelgen.placement.PlacedFeature.m_226368_(PlacedFeature.java:53) ~[?:?]
	at net.minecraft.world.level.levelgen.placement.PlacedFeature.m_226377_(PlacedFeature.java:42) ~[?:?]
	at net.minecraft.world.level.chunk.ChunkGenerator.m_213609_(ChunkGenerator.java:357) ~[?:?]
	at net.minecraft.world.level.chunk.ChunkStatus.m_279978_(ChunkStatus.java:108) ~[?:?]
	at net.minecraft.world.level.chunk.ChunkStatus$SimpleGenerationTask.m_214024_(ChunkStatus.java:309) ~[?:?]
	at net.minecraft.world.level.chunk.ChunkStatus.m_280308_(ChunkStatus.java:252) ~[?:?]
	at net.minecraft.server.level.ChunkMap.lambda$scheduleChunkGeneration$27(ChunkMap.java:643) ~[?:?]
	at com.mojang.datafixers.util.Either$Left.map(Either.java:38) ~[datafixerupper-6.0.8.jar%2377!/:?]
	at net.minecraft.server.level.ChunkMap.lambda$scheduleChunkGeneration$29(ChunkMap.java:634) ~[?:?]
	at java.util.concurrent.CompletableFuture$UniCompose.tryFire(CompletableFuture.java:1150) ~[?:?]
	at java.util.concurrent.CompletableFuture$Completion.run(CompletableFuture.java:482) ~[?:?]
	at net.minecraft.server.level.ChunkTaskPriorityQueueSorter.m_143188_(ChunkTaskPriorityQueueSorter.java:62) ~[?:?]
	at net.minecraft.util.thread.ProcessorMailbox.m_18759_(ProcessorMailbox.java:91) ~[?:?]
	at net.minecraft.util.thread.ProcessorMailbox.m_18747_(ProcessorMailbox.java:146) ~[?:?]
	at net.minecraft.util.thread.ProcessorMailbox.run(ProcessorMailbox.java:102) ~[?:?]
	at java.util.concurrent.ForkJoinTask$RunnableExecuteAction.exec(ForkJoinTask.java:1395) ~[?:?]
	at java.util.concurrent.ForkJoinTask.doExec(ForkJoinTask.java:373) ~[?:?]
	at java.util.concurrent.ForkJoinPool$WorkQueue.topLevelExec(ForkJoinPool.java:1182) ~[?:?]
	at java.util.concurrent.ForkJoinPool.scan(ForkJoinPool.java:1655) ~[?:?]
	at java.util.concurrent.ForkJoinPool.runWorker(ForkJoinPool.java:1622) ~[?:?]
	at java.util.concurrent.ForkJoinWorkerThread.run(ForkJoinWorkerThread.java:165) ~[?:?]
[02Aug2025 22:55:31.227] [Worker-Main-1/ERROR] [net.minecraftforge.eventbus.EventSubclassTransformer/EVENTBUS]: Could not find parent xiroc/dungeoncrawl/dungeon/generator/layer/LayerGenerator for class xiroc/dungeoncrawl/dungeon/generator/DungeonGenerator in classloader jdk.internal.loader.ClassLoaders$AppClassLoader@76ed5528 on thread Thread[Worker-Main-1,4,main]
[02Aug2025 22:55:31.227] [Worker-Main-1/ERROR] [net.minecraftforge.eventbus.EventSubclassTransformer/EVENTBUS]: An error occurred building event handler
java.lang.ClassNotFoundException: xiroc.dungeoncrawl.dungeon.generator.layer.LayerGenerator
	at jdk.internal.loader.BuiltinClassLoader.loadClass(BuiltinClassLoader.java:641) ~[?:?]
	at jdk.internal.loader.ClassLoaders$AppClassLoader.loadClass(ClassLoaders.java:188) ~[?:?]
	at java.lang.ClassLoader.loadClass(ClassLoader.java:525) ~[?:?]
	at net.minecraftforge.eventbus.EventSubclassTransformer.buildEvents(EventSubclassTransformer.java:97) ~[eventbus-6.0.5.jar%2352!/:?]
	at net.minecraftforge.eventbus.EventSubclassTransformer.transform(EventSubclassTransformer.java:48) ~[eventbus-6.0.5.jar%2352!/:?]
	at net.minecraftforge.eventbus.EventBusEngine.processClass(EventBusEngine.java:26) ~[eventbus-6.0.5.jar%2352!/:?]
	at net.minecraftforge.eventbus.service.ModLauncherService.processClassWithFlags(ModLauncherService.java:32) ~[eventbus-6.0.5.jar%2352!/:6.0.5+6.0.5+master.eb8e549b]
	at cpw.mods.modlauncher.LaunchPluginHandler.offerClassNodeToPlugins(LaunchPluginHandler.java:88) ~[modlauncher-10.0.9.jar%2355!/:?]
	at cpw.mods.modlauncher.ClassTransformer.transform(ClassTransformer.java:120) ~[modlauncher-10.0.9.jar%2355!/:?]
	at cpw.mods.modlauncher.TransformingClassLoader.maybeTransformClassBytes(TransformingClassLoader.java:50) ~[modlauncher-10.0.9.jar%2355!/:?]
	at cpw.mods.cl.ModuleClassLoader.readerToClass(ModuleClassLoader.java:113) ~[securejarhandler-2.1.10.jar:?]
	at cpw.mods.cl.ModuleClassLoader.lambda$findClass$15(ModuleClassLoader.java:219) ~[securejarhandler-2.1.10.jar:?]
	at cpw.mods.cl.ModuleClassLoader.loadFromModule(ModuleClassLoader.java:229) ~[securejarhandler-2.1.10.jar:?]
	at cpw.mods.cl.ModuleClassLoader.findClass(ModuleClassLoader.java:219) ~[securejarhandler-2.1.10.jar:?]
	at cpw.mods.cl.ModuleClassLoader.loadClass(ModuleClassLoader.java:135) ~[securejarhandler-2.1.10.jar:?]
	at java.lang.ClassLoader.loadClass(ClassLoader.java:525) ~[?:?]
	at xiroc.dungeoncrawl.dungeon.piece.DungeonPiece.placeBlock(DungeonPiece.java:330) ~[?:?]
	at xiroc.dungeoncrawl.dungeon.piece.DungeonPiece.lambda$buildModel$0(DungeonPiece.java:316) ~[?:?]
	at com.google.common.collect.ImmutableList.forEach(ImmutableList.java:422) ~[guava-31.1-jre.jar%2374!/:?]
	at xiroc.dungeoncrawl.dungeon.piece.DungeonPiece.buildModel(DungeonPiece.java:310) ~[?:?]
	at xiroc.dungeoncrawl.dungeon.piece.DungeonMultipartModelPiece.m_213694_(DungeonMultipartModelPiece.java:64) ~[?:?]
	at net.minecraft.world.level.levelgen.structure.StructureStart.m_226850_(StructureStart.java:90) ~[?:?]
	at net.minecraft.world.level.chunk.ChunkGenerator.m_223080_(ChunkGenerator.java:320) ~[?:?]
	at com.google.common.collect.ImmutableList.forEach(ImmutableList.java:422) ~[guava-31.1-jre.jar%2374!/:?]
	at net.minecraft.world.level.chunk.ChunkGenerator.m_213609_(ChunkGenerator.java:319) ~[?:?]
	at net.minecraft.world.level.chunk.ChunkStatus.m_279978_(ChunkStatus.java:108) ~[?:?]
	at net.minecraft.world.level.chunk.ChunkStatus$SimpleGenerationTask.m_214024_(ChunkStatus.java:309) ~[?:?]
	at net.minecraft.world.level.chunk.ChunkStatus.m_280308_(ChunkStatus.java:252) ~[?:?]
	at net.minecraft.server.level.ChunkMap.lambda$scheduleChunkGeneration$27(ChunkMap.java:643) ~[?:?]
	at com.mojang.datafixers.util.Either$Left.map(Either.java:38) ~[datafixerupper-6.0.8.jar%2377!/:?]
	at net.minecraft.server.level.ChunkMap.lambda$scheduleChunkGeneration$29(ChunkMap.java:634) ~[?:?]
	at java.util.concurrent.CompletableFuture$UniCompose.tryFire(CompletableFuture.java:1150) ~[?:?]
	at java.util.concurrent.CompletableFuture$Completion.run(CompletableFuture.java:482) ~[?:?]
	at net.minecraft.server.level.ChunkTaskPriorityQueueSorter.m_143188_(ChunkTaskPriorityQueueSorter.java:62) ~[?:?]
	at net.minecraft.util.thread.ProcessorMailbox.m_18759_(ProcessorMailbox.java:91) ~[?:?]
	at net.minecraft.util.thread.ProcessorMailbox.m_18747_(ProcessorMailbox.java:146) ~[?:?]
	at net.minecraft.util.thread.ProcessorMailbox.run(ProcessorMailbox.java:102) ~[?:?]
	at java.util.concurrent.ForkJoinTask$RunnableExecuteAction.exec(ForkJoinTask.java:1395) ~[?:?]
	at java.util.concurrent.ForkJoinTask.doExec(ForkJoinTask.java:373) ~[?:?]
	at java.util.concurrent.ForkJoinPool$WorkQueue.topLevelExec(ForkJoinPool.java:1182) ~[?:?]
	at java.util.concurrent.ForkJoinPool.scan(ForkJoinPool.java:1655) ~[?:?]
	at java.util.concurrent.ForkJoinPool.runWorker(ForkJoinPool.java:1622) ~[?:?]
	at java.util.concurrent.ForkJoinWorkerThread.run(ForkJoinWorkerThread.java:165) ~[?:?]
[02Aug2025 22:55:31.235] [Worker-Main-1/ERROR] [net.minecraftforge.eventbus.EventSubclassTransformer/EVENTBUS]: Could not find parent xiroc/dungeoncrawl/dungeon/generator/DungeonGenerator for class xiroc/dungeoncrawl/dungeon/generator/DefaultDungeonGenerator in classloader jdk.internal.loader.ClassLoaders$AppClassLoader@76ed5528 on thread Thread[Worker-Main-1,4,main]
[02Aug2025 22:55:31.237] [Worker-Main-1/ERROR] [net.minecraftforge.eventbus.EventSubclassTransformer/EVENTBUS]: An error occurred building event handler
java.lang.ClassNotFoundException: xiroc.dungeoncrawl.dungeon.generator.DungeonGenerator
	at jdk.internal.loader.BuiltinClassLoader.loadClass(BuiltinClassLoader.java:641) ~[?:?]
	at jdk.internal.loader.ClassLoaders$AppClassLoader.loadClass(ClassLoaders.java:188) ~[?:?]
	at java.lang.ClassLoader.loadClass(ClassLoader.java:525) ~[?:?]
	at net.minecraftforge.eventbus.EventSubclassTransformer.buildEvents(EventSubclassTransformer.java:97) ~[eventbus-6.0.5.jar%2352!/:?]
	at net.minecraftforge.eventbus.EventSubclassTransformer.transform(EventSubclassTransformer.java:48) ~[eventbus-6.0.5.jar%2352!/:?]
	at net.minecraftforge.eventbus.EventBusEngine.processClass(EventBusEngine.java:26) ~[eventbus-6.0.5.jar%2352!/:?]
	at net.minecraftforge.eventbus.service.ModLauncherService.processClassWithFlags(ModLauncherService.java:32) ~[eventbus-6.0.5.jar%2352!/:6.0.5+6.0.5+master.eb8e549b]
	at cpw.mods.modlauncher.LaunchPluginHandler.offerClassNodeToPlugins(LaunchPluginHandler.java:88) ~[modlauncher-10.0.9.jar%2355!/:?]
	at cpw.mods.modlauncher.ClassTransformer.transform(ClassTransformer.java:120) ~[modlauncher-10.0.9.jar%2355!/:?]
	at cpw.mods.modlauncher.TransformingClassLoader.maybeTransformClassBytes(TransformingClassLoader.java:50) ~[modlauncher-10.0.9.jar%2355!/:?]
	at cpw.mods.cl.ModuleClassLoader.readerToClass(ModuleClassLoader.java:113) ~[securejarhandler-2.1.10.jar:?]
	at cpw.mods.cl.ModuleClassLoader.lambda$findClass$15(ModuleClassLoader.java:219) ~[securejarhandler-2.1.10.jar:?]
	at cpw.mods.cl.ModuleClassLoader.loadFromModule(ModuleClassLoader.java:229) ~[securejarhandler-2.1.10.jar:?]
	at cpw.mods.cl.ModuleClassLoader.findClass(ModuleClassLoader.java:219) ~[securejarhandler-2.1.10.jar:?]
	at cpw.mods.cl.ModuleClassLoader.loadClass(ModuleClassLoader.java:135) ~[securejarhandler-2.1.10.jar:?]
	at java.lang.ClassLoader.loadClass(ClassLoader.java:525) ~[?:?]
	at xiroc.dungeoncrawl.dungeon.piece.DungeonPiece.placeBlock(DungeonPiece.java:330) ~[?:?]
	at xiroc.dungeoncrawl.dungeon.piece.DungeonPiece.lambda$buildModel$0(DungeonPiece.java:316) ~[?:?]
	at com.google.common.collect.ImmutableList.forEach(ImmutableList.java:422) ~[guava-31.1-jre.jar%2374!/:?]
	at xiroc.dungeoncrawl.dungeon.piece.DungeonPiece.buildModel(DungeonPiece.java:310) ~[?:?]
	at xiroc.dungeoncrawl.dungeon.piece.DungeonMultipartModelPiece.m_213694_(DungeonMultipartModelPiece.java:64) ~[?:?]
	at net.minecraft.world.level.levelgen.structure.StructureStart.m_226850_(StructureStart.java:90) ~[?:?]
	at net.minecraft.world.level.chunk.ChunkGenerator.m_223080_(ChunkGenerator.java:320) ~[?:?]
	at com.google.common.collect.ImmutableList.forEach(ImmutableList.java:422) ~[guava-31.1-jre.jar%2374!/:?]
	at net.minecraft.world.level.chunk.ChunkGenerator.m_213609_(ChunkGenerator.java:319) ~[?:?]
	at net.minecraft.world.level.chunk.ChunkStatus.m_279978_(ChunkStatus.java:108) ~[?:?]
	at net.minecraft.world.level.chunk.ChunkStatus$SimpleGenerationTask.m_214024_(ChunkStatus.java:309) ~[?:?]
	at net.minecraft.world.level.chunk.ChunkStatus.m_280308_(ChunkStatus.java:252) ~[?:?]
	at net.minecraft.server.level.ChunkMap.lambda$scheduleChunkGeneration$27(ChunkMap.java:643) ~[?:?]
	at com.mojang.datafixers.util.Either$Left.map(Either.java:38) ~[datafixerupper-6.0.8.jar%2377!/:?]
	at net.minecraft.server.level.ChunkMap.lambda$scheduleChunkGeneration$29(ChunkMap.java:634) ~[?:?]
	at java.util.concurrent.CompletableFuture$UniCompose.tryFire(CompletableFuture.java:1150) ~[?:?]
	at java.util.concurrent.CompletableFuture$Completion.run(CompletableFuture.java:482) ~[?:?]
	at net.minecraft.server.level.ChunkTaskPriorityQueueSorter.m_143188_(ChunkTaskPriorityQueueSorter.java:62) ~[?:?]
	at net.minecraft.util.thread.ProcessorMailbox.m_18759_(ProcessorMailbox.java:91) ~[?:?]
	at net.minecraft.util.thread.ProcessorMailbox.m_18747_(ProcessorMailbox.java:146) ~[?:?]
	at net.minecraft.util.thread.ProcessorMailbox.run(ProcessorMailbox.java:102) ~[?:?]
	at java.util.concurrent.ForkJoinTask$RunnableExecuteAction.exec(ForkJoinTask.java:1395) ~[?:?]
	at java.util.concurrent.ForkJoinTask.doExec(ForkJoinTask.java:373) ~[?:?]
	at java.util.concurrent.ForkJoinPool$WorkQueue.topLevelExec(ForkJoinPool.java:1182) ~[?:?]
	at java.util.concurrent.ForkJoinPool.scan(ForkJoinPool.java:1655) ~[?:?]
	at java.util.concurrent.ForkJoinPool.runWorker(ForkJoinPool.java:1622) ~[?:?]
	at java.util.concurrent.ForkJoinWorkerThread.run(ForkJoinWorkerThread.java:165) ~[?:?]
[02Aug2025 22:55:39.214] [Server thread/INFO] [net.minecraft.server.MinecraftServer/]: [GiovaniiYT15: Applied effect Bad Omen to GiovaniiYT15]
[02Aug2025 22:56:06.969] [Server thread/INFO] [net.minecraft.server.players.PlayerList/]: moshtro111876[/127.173.215.32:60431] logged in with entity id 8779 at (-1886.0, 63.0, 2939.0)
[02Aug2025 22:56:06.980] [Server thread/INFO] [net.minecraft.server.MinecraftServer/]: moshtro111876 joined the game
[02Aug2025 22:56:06.987] [Server thread/INFO] [Jade/]: Syncing config to moshtro111876 (e43ab439-6742-338a-b35f-7da80b1e63ae)
[02Aug2025 22:56:13.278] [Server thread/INFO] [net.minecraft.server.MinecraftServer/]: GiovaniiYT15 has made the advancement [Ambush]
[02Aug2025 22:56:24.654] [Server thread/INFO] [net.minecraft.world.entity.npc.Villager/]: Villager Villager['Unemployed'/8238, l='ServerLevel[world]', x=-2361.45, y=88.00, z=4073.29] died, message: 'Unemployed was slain by Vindicator'
[02Aug2025 22:56:37.022] [Server thread/INFO] [net.minecraft.server.network.ServerGamePacketListenerImpl/]: moshtro111876 lost connection: Timed out
[02Aug2025 22:56:37.023] [Server thread/INFO] [net.minecraft.server.MinecraftServer/]: moshtro111876 left the game
[02Aug2025 22:57:15.804] [Server thread/INFO] [net.minecraft.world.entity.npc.Villager/]: Villager Villager['Weaponsmith'/8235, l='ServerLevel[world]', x=-2342.53, y=90.00, z=4098.99] died, message: 'Weaponsmith was slain by Vindicator'
[02Aug2025 22:57:41.357] [Server thread/INFO] [net.minecraft.world.entity.npc.Villager/]: Villager Villager['Unemployed'/8228, l='ServerLevel[world]', x=-2344.54, y=90.00, z=4115.49] died, message: 'Unemployed was fireballed by Igniter'
[02Aug2025 22:57:42.507] [Server thread/INFO] [net.minecraft.server.MinecraftServer/]: GiovaniiYT15 has reached the goal [Fortuitous Militia]
[02Aug2025 22:57:43.119] [Server thread/INFO] [net.minecraft.server.players.PlayerList/]: moshtro111876[/127.173.215.32:33437] logged in with entity id 10776 at (-1886.0, 63.0, 2939.0)
[02Aug2025 22:57:43.129] [Server thread/INFO] [net.minecraft.server.MinecraftServer/]: moshtro111876 joined the game
[02Aug2025 22:57:43.135] [Server thread/INFO] [Jade/]: Syncing config to moshtro111876 (e43ab439-6742-338a-b35f-7da80b1e63ae)
[02Aug2025 22:57:49.605] [Server thread/INFO] [net.minecraft.world.entity.npc.Villager/]: Villager Villager['Unemployed'/8248, l='ServerLevel[world]', x=-2356.38, y=89.00, z=4101.68] died, message: 'Unemployed was slain by Vindicator'
[02Aug2025 22:57:55.352] [Server thread/INFO] [net.minecraft.world.entity.npc.Villager/]: Villager Villager['Unemployed'/8233, l='ServerLevel[world]', x=-2361.44, y=86.94, z=4125.00] died, message: 'Unemployed was slain by Vindicator'
[02Aug2025 22:58:13.176] [Server thread/INFO] [net.minecraft.server.network.ServerGamePacketListenerImpl/]: moshtro111876 lost connection: Timed out
[02Aug2025 22:58:13.176] [Server thread/INFO] [net.minecraft.server.MinecraftServer/]: moshtro111876 left the game
[02Aug2025 22:58:47.366] [Server thread/INFO] [net.minecraft.server.players.PlayerList/]: moshtro111876[/127.173.215.32:37895] logged in with entity id 11697 at (-1886.0, 63.0, 2939.0)
[02Aug2025 22:58:47.376] [Server thread/INFO] [net.minecraft.server.MinecraftServer/]: moshtro111876 joined the game
[02Aug2025 22:58:47.383] [Server thread/INFO] [Jade/]: Syncing config to moshtro111876 (e43ab439-6742-338a-b35f-7da80b1e63ae)
[02Aug2025 22:59:02.979] [Server thread/INFO] [net.minecraft.server.MinecraftServer/]: [GiovaniiYT15: Set own game mode to Spectator Mode]
[02Aug2025 22:59:09.865] [Server thread/INFO] [net.minecraft.server.MinecraftServer/]: [GiovaniiYT15: Set own game mode to Survival Mode]
[02Aug2025 22:59:12.723] [Server thread/INFO] [net.minecraft.server.MinecraftServer/]: [GiovaniiYT15: Set own game mode to Spectator Mode]
[02Aug2025 22:59:14.973] [Server thread/INFO] [net.minecraft.server.MinecraftServer/]: [GiovaniiYT15: Set own game mode to Survival Mode]
[02Aug2025 22:59:17.471] [Server thread/INFO] [net.minecraft.server.network.ServerGamePacketListenerImpl/]: moshtro111876 lost connection: Timed out
[02Aug2025 22:59:17.471] [Server thread/INFO] [net.minecraft.server.MinecraftServer/]: moshtro111876 left the game
[02Aug2025 22:59:44.646] [Server thread/INFO] [net.minecraft.world.entity.npc.Villager/]: Villager Villager['Unemployed'/8224, l='ServerLevel[world]', x=-2340.30, y=88.56, z=4084.54] died, message: 'Unemployed was killed by magic'
[02Aug2025 22:59:44.647] [Server thread/INFO] [net.minecraft.world.entity.npc.Villager/]: Villager Villager['Unemployed'/8225, l='ServerLevel[world]', x=-2353.30, y=89.56, z=4089.72] died, message: 'Unemployed was killed by magic'
[02Aug2025 22:59:44.647] [Server thread/INFO] [net.minecraft.world.entity.npc.Villager/]: Villager Villager['Unemployed'/8230, l='ServerLevel[world]', x=-2340.30, y=88.56, z=4092.44] died, message: 'Unemployed was killed by magic'
[02Aug2025 22:59:44.648] [Server thread/INFO] [net.minecraft.world.entity.npc.Villager/]: Villager Villager['Nitwit'/8231, l='ServerLevel[world]', x=-2341.72, y=91.00, z=4104.62] died, message: 'Nitwit was killed by magic'
[02Aug2025 22:59:44.649] [Server thread/INFO] [net.minecraft.world.entity.npc.Villager/]: Villager Villager['Beekeeper'/8244, l='ServerLevel[world]', x=-2346.39, y=89.00, z=4105.43] died, message: 'Beekeeper was killed by magic'
[02Aug2025 22:59:44.650] [Server thread/INFO] [net.minecraft.world.entity.npc.Villager/]: Villager Villager['Farmer'/8237, l='ServerLevel[world]', x=-2346.61, y=89.00, z=4092.73] died, message: 'Farmer was killed by magic'
[02Aug2025 23:01:12.903] [Server thread/INFO] [net.minecraft.server.network.ServerLoginPacketListenerImpl/]: com.mojang.authlib.GameProfile@49e273e3[id=<null>,name=moshtro111876,properties={},legacy=false] (/127.173.215.32:38679) lost connection: Disconnected
[02Aug2025 23:01:37.630] [Server thread/INFO] [net.minecraft.server.players.PlayerList/]: moshtro111876[/127.173.215.32:51149] logged in with entity id 15262 at (-1886.0, 63.0, 2939.0)
[02Aug2025 23:01:37.640] [Server thread/INFO] [net.minecraft.server.MinecraftServer/]: moshtro111876 joined the game
[02Aug2025 23:01:37.647] [Server thread/INFO] [Jade/]: Syncing config to moshtro111876 (e43ab439-6742-338a-b35f-7da80b1e63ae)
[02Aug2025 23:02:07.730] [Server thread/INFO] [net.minecraft.server.network.ServerGamePacketListenerImpl/]: moshtro111876 lost connection: Timed out
[02Aug2025 23:02:07.730] [Server thread/INFO] [net.minecraft.server.MinecraftServer/]: moshtro111876 left the game
[02Aug2025 23:03:03.426] [Server thread/INFO] [net.minecraft.server.MinecraftServer/]: [GiovaniiYT15: Set own game mode to Spectator Mode]
[02Aug2025 23:03:10.000] [Server thread/INFO] [net.minecraft.server.MinecraftServer/]: [GiovaniiYT15: Set own game mode to Survival Mode]
[02Aug2025 23:05:10.521] [Server thread/INFO] [net.minecraft.server.MinecraftServer/]: [GiovaniiYT15: Set own game mode to Spectator Mode]
[02Aug2025 23:05:41.034] [Server thread/INFO] [net.minecraft.server.MinecraftServer/]: [GiovaniiYT15: Set own game mode to Survival Mode]
[02Aug2025 23:05:44.528] [Server thread/INFO] [net.minecraft.server.MinecraftServer/]: [GiovaniiYT15: Set own game mode to Spectator Mode]
[02Aug2025 23:05:57.487] [Server thread/INFO] [net.minecraft.server.MinecraftServer/]: [GiovaniiYT15: Set own game mode to Survival Mode]
[02Aug2025 23:06:08.440] [Server thread/INFO] [net.minecraft.server.MinecraftServer/]: [GiovaniiYT15: Set own game mode to Spectator Mode]
[02Aug2025 23:06:14.516] [Server thread/INFO] [net.minecraft.server.players.PlayerList/]: moshtro111876[/127.173.215.32:36853] logged in with entity id 17181 at (-1886.0, 63.0, 2939.0)
[02Aug2025 23:06:14.526] [Server thread/INFO] [net.minecraft.server.MinecraftServer/]: moshtro111876 joined the game
[02Aug2025 23:06:14.533] [Server thread/INFO] [Jade/]: Syncing config to moshtro111876 (e43ab439-6742-338a-b35f-7da80b1e63ae)
[02Aug2025 23:06:16.685] [Server thread/INFO] [net.minecraft.server.MinecraftServer/]: [GiovaniiYT15: Set own game mode to Survival Mode]
[02Aug2025 23:06:39.928] [Server thread/INFO] [net.minecraft.server.MinecraftServer/]: [GiovaniiYT15: Set own game mode to Spectator Mode]
[02Aug2025 23:06:44.618] [Server thread/INFO] [net.minecraft.server.network.ServerGamePacketListenerImpl/]: moshtro111876 lost connection: Timed out
[02Aug2025 23:06:44.618] [Server thread/INFO] [net.minecraft.server.MinecraftServer/]: moshtro111876 left the game
[02Aug2025 23:06:45.660] [Server thread/INFO] [net.minecraft.server.MinecraftServer/]: [GiovaniiYT15: Set own game mode to Survival Mode]
[02Aug2025 23:07:11.953] [Server thread/INFO] [net.minecraft.server.MinecraftServer/]: GiovaniiYT15 has reached the goal [Dark Creator]
[02Aug2025 23:08:18.267] [Server thread/INFO] [net.minecraft.server.MinecraftServer/]: [GiovaniiYT15: Set own game mode to Spectator Mode]
[02Aug2025 23:09:10.779] [Server thread/INFO] [net.minecraft.server.players.PlayerList/]: moshtro111876[/127.173.215.32:46635] logged in with entity id 19126 at (-1886.0, 63.0, 2939.0)
[02Aug2025 23:09:10.787] [Server thread/INFO] [net.minecraft.server.MinecraftServer/]: moshtro111876 joined the game
[02Aug2025 23:09:10.793] [Server thread/INFO] [Jade/]: Syncing config to moshtro111876 (e43ab439-6742-338a-b35f-7da80b1e63ae)
[02Aug2025 23:09:14.367] [Server thread/INFO] [net.minecraft.server.MinecraftServer/]: [GiovaniiYT15: Set own game mode to Survival Mode]
[02Aug2025 23:09:40.876] [Server thread/INFO] [net.minecraft.server.network.ServerGamePacketListenerImpl/]: moshtro111876 lost connection: Timed out
[02Aug2025 23:09:40.877] [Server thread/INFO] [net.minecraft.server.MinecraftServer/]: moshtro111876 left the game
[02Aug2025 23:09:42.073] [Server thread/INFO] [net.minecraft.server.MinecraftServer/]: [GiovaniiYT15: Applied effect Glowing to 266 targets]
[02Aug2025 23:09:47.373] [Server thread/INFO] [net.minecraft.server.MinecraftServer/]: [GiovaniiYT15: Set own game mode to Spectator Mode]
[02Aug2025 23:09:52.465] [Server thread/INFO] [net.minecraft.server.MinecraftServer/]: [GiovaniiYT15: Set own game mode to Survival Mode]
[02Aug2025 23:10:07.957] [Server thread/INFO] [net.minecraft.server.MinecraftServer/]: [GiovaniiYT15: Set own game mode to Spectator Mode]
[02Aug2025 23:10:12.568] [Server thread/INFO] [net.minecraft.server.MinecraftServer/]: [GiovaniiYT15: Set own game mode to Survival Mode]
[02Aug2025 23:10:48.121] [Server thread/INFO] [net.minecraft.server.players.PlayerList/]: moshtro111876[/127.173.215.32:41117] logged in with entity id 19853 at (-1886.0, 63.0, 2939.0)
[02Aug2025 23:10:48.131] [Server thread/INFO] [net.minecraft.server.MinecraftServer/]: moshtro111876 joined the game
[02Aug2025 23:10:48.138] [Server thread/INFO] [Jade/]: Syncing config to moshtro111876 (e43ab439-6742-338a-b35f-7da80b1e63ae)
[02Aug2025 23:11:18.223] [Server thread/INFO] [net.minecraft.server.network.ServerGamePacketListenerImpl/]: moshtro111876 lost connection: Timed out
[02Aug2025 23:11:18.223] [Server thread/INFO] [net.minecraft.server.MinecraftServer/]: moshtro111876 left the game
[02Aug2025 23:12:02.050] [Server thread/INFO] [net.minecraft.server.MinecraftServer/]: GiovaniiYT15 has made the advancement [Oops, did I scare you?]
[02Aug2025 23:12:10.216] [Server thread/INFO] [net.minecraft.server.players.PlayerList/]: moshtro111876[/127.173.215.32:38401] logged in with entity id 20394 at (-1886.0, 63.0, 2939.0)
[02Aug2025 23:12:10.226] [Server thread/INFO] [net.minecraft.server.MinecraftServer/]: moshtro111876 joined the game
[02Aug2025 23:12:10.232] [Server thread/INFO] [Jade/]: Syncing config to moshtro111876 (e43ab439-6742-338a-b35f-7da80b1e63ae)
[02Aug2025 23:12:40.328] [Server thread/INFO] [net.minecraft.server.network.ServerGamePacketListenerImpl/]: moshtro111876 lost connection: Timed out
[02Aug2025 23:12:40.329] [Server thread/INFO] [net.minecraft.server.MinecraftServer/]: moshtro111876 left the game
[02Aug2025 23:12:45.863] [Server thread/INFO] [net.minecraft.server.MinecraftServer/]: [GiovaniiYT15: Set the time to 1000]
[02Aug2025 23:13:16.582] [Server thread/INFO] [net.minecraft.server.MinecraftServer/]: [GiovaniiYT15: Set own game mode to Spectator Mode]
[02Aug2025 23:13:27.124] [Server thread/INFO] [net.minecraft.server.MinecraftServer/]: [GiovaniiYT15: Set own game mode to Survival Mode]
[02Aug2025 23:13:53.654] [Server thread/INFO] [net.minecraft.server.MinecraftServer/]: GiovaniiYT15 has completed the challenge [Village Defender]
[02Aug2025 23:14:27.555] [Server thread/INFO] [net.minecraft.world.entity.npc.Villager/]: Villager Villager['Nitwit'/8226, l='ServerLevel[world]', x=-2401.89, y=100.23, z=4071.93] died, message: 'Nitwit was shot by Hunter'
[02Aug2025 23:14:57.471] [Server thread/INFO] [net.minecraft.server.players.PlayerList/]: moshtro111876[/127.173.215.32:56481] logged in with entity id 22109 at (-1886.0, 63.0, 2939.0)
[02Aug2025 23:14:57.480] [Server thread/INFO] [net.minecraft.server.MinecraftServer/]: moshtro111876 joined the game
[02Aug2025 23:14:57.487] [Server thread/INFO] [Jade/]: Syncing config to moshtro111876 (e43ab439-6742-338a-b35f-7da80b1e63ae)
[02Aug2025 23:15:27.571] [Server thread/INFO] [net.minecraft.server.network.ServerGamePacketListenerImpl/]: moshtro111876 lost connection: Timed out
[02Aug2025 23:15:27.571] [Server thread/INFO] [net.minecraft.server.MinecraftServer/]: moshtro111876 left the game
[02Aug2025 23:15:41.127] [Server thread/INFO] [net.minecraft.server.MinecraftServer/]: [GiovaniiYT15: Set own game mode to Spectator Mode]
[02Aug2025 23:15:59.164] [Server thread/INFO] [net.minecraft.server.MinecraftServer/]: [GiovaniiYT15: Set own game mode to Survival Mode]
[02Aug2025 23:16:01.635] [Server thread/INFO] [net.minecraft.server.MinecraftServer/]: [GiovaniiYT15: Set own game mode to Spectator Mode]
[02Aug2025 23:16:06.916] [Server thread/INFO] [net.minecraft.server.MinecraftServer/]: [GiovaniiYT15: Set own game mode to Survival Mode]
[02Aug2025 23:16:18.309] [Server thread/INFO] [net.minecraft.server.MinecraftServer/]: GiovaniiYT15 has reached the goal [Senior Summoner]
[02Aug2025 23:16:32.564] [Server thread/INFO] [net.minecraft.server.MinecraftServer/]: [GiovaniiYT15: Set own game mode to Spectator Mode]
[02Aug2025 23:16:38.230] [Server thread/INFO] [net.minecraft.server.MinecraftServer/]: [GiovaniiYT15: Set own game mode to Survival Mode]
[02Aug2025 23:17:01.657] [Server thread/INFO] [net.minecraft.server.MinecraftServer/]: [GiovaniiYT15: Set own game mode to Spectator Mode]
[02Aug2025 23:17:06.870] [Server thread/INFO] [net.minecraft.server.MinecraftServer/]: [GiovaniiYT15: Set own game mode to Survival Mode]
[02Aug2025 23:17:39.104] [Server thread/INFO] [net.minecraft.world.entity.npc.Villager/]: Villager Villager['Unemployed'/8265, l='ServerLevel[world]', x=-2417.11, y=92.00, z=4051.52] died, message: 'Unemployed was fireballed by Igniter'
[02Aug2025 23:17:55.018] [Server thread/INFO] [net.minecraft.server.players.PlayerList/]: moshtro111876[/127.173.215.32:36185] logged in with entity id 24600 at (-1886.0, 63.0, 2939.0)
[02Aug2025 23:17:55.027] [Server thread/INFO] [net.minecraft.server.MinecraftServer/]: moshtro111876 joined the game
[02Aug2025 23:17:55.033] [Server thread/INFO] [Jade/]: Syncing config to moshtro111876 (e43ab439-6742-338a-b35f-7da80b1e63ae)
[02Aug2025 23:18:25.087] [Server thread/INFO] [net.minecraft.server.network.ServerGamePacketListenerImpl/]: moshtro111876 lost connection: Timed out
[02Aug2025 23:18:25.087] [Server thread/INFO] [net.minecraft.server.MinecraftServer/]: moshtro111876 left the game
[02Aug2025 23:18:49.288] [Server thread/INFO] [net.minecraft.server.MinecraftServer/]: [GiovaniiYT15: Set own game mode to Spectator Mode]
[02Aug2025 23:18:52.267] [Server thread/INFO] [net.minecraft.server.MinecraftServer/]: [GiovaniiYT15: Set own game mode to Survival Mode]
[02Aug2025 23:19:25.468] [Server thread/INFO] [net.minecraft.server.MinecraftServer/]: [GiovaniiYT15: Set own game mode to Creative Mode]
[02Aug2025 23:19:34.074] [Server thread/INFO] [net.minecraft.server.players.PlayerList/]: moshtro111876[/127.173.215.32:49781] logged in with entity id 25351 at (-1886.0, 63.0, 2939.0)
[02Aug2025 23:19:34.084] [Server thread/INFO] [net.minecraft.server.MinecraftServer/]: moshtro111876 joined the game
[02Aug2025 23:19:34.090] [Server thread/INFO] [Jade/]: Syncing config to moshtro111876 (e43ab439-6742-338a-b35f-7da80b1e63ae)
[02Aug2025 23:20:04.167] [Server thread/INFO] [net.minecraft.server.network.ServerGamePacketListenerImpl/]: moshtro111876 lost connection: Timed out
[02Aug2025 23:20:04.167] [Server thread/INFO] [net.minecraft.server.MinecraftServer/]: moshtro111876 left the game
[02Aug2025 23:21:49.671] [Server thread/INFO] [net.minecraft.server.players.PlayerList/]: moshtro111876[/127.173.215.32:40357] logged in with entity id 26294 at (-1886.0, 63.0, 2939.0)
[02Aug2025 23:21:49.681] [Server thread/INFO] [net.minecraft.server.MinecraftServer/]: moshtro111876 joined the game
[02Aug2025 23:21:49.688] [Server thread/INFO] [Jade/]: Syncing config to moshtro111876 (e43ab439-6742-338a-b35f-7da80b1e63ae)
[02Aug2025 23:22:00.567] [Server thread/INFO] [net.minecraft.server.MinecraftServer/]: [GiovaniiYT15: Set own game mode to Survival Mode]
[02Aug2025 23:22:19.779] [Server thread/INFO] [net.minecraft.server.network.ServerGamePacketListenerImpl/]: moshtro111876 lost connection: Timed out
[02Aug2025 23:22:19.780] [Server thread/INFO] [net.minecraft.server.MinecraftServer/]: moshtro111876 left the game
[02Aug2025 23:24:47.231] [Server thread/INFO] [net.minecraft.server.players.PlayerList/]: moshtro111876[/127.173.215.32:38971] logged in with entity id 27638 at (-1886.0, 63.0, 2939.0)
[02Aug2025 23:24:47.240] [Server thread/INFO] [net.minecraft.server.MinecraftServer/]: moshtro111876 joined the game
[02Aug2025 23:24:47.272] [Server thread/INFO] [Jade/]: Syncing config to moshtro111876 (e43ab439-6742-338a-b35f-7da80b1e63ae)
[02Aug2025 23:25:17.308] [Server thread/INFO] [net.minecraft.server.network.ServerGamePacketListenerImpl/]: moshtro111876 lost connection: Timed out
[02Aug2025 23:25:17.308] [Server thread/INFO] [net.minecraft.server.MinecraftServer/]: moshtro111876 left the game
[02Aug2025 23:25:59.025] [Server thread/INFO] [net.minecraft.server.players.PlayerList/]: moshtro111876[/127.173.215.32:46931] logged in with entity id 27893 at (-1886.0, 63.0, 2939.0)
[02Aug2025 23:25:59.033] [Server thread/INFO] [net.minecraft.server.MinecraftServer/]: moshtro111876 joined the game
[02Aug2025 23:25:59.061] [Server thread/INFO] [Jade/]: Syncing config to moshtro111876 (e43ab439-6742-338a-b35f-7da80b1e63ae)
[02Aug2025 23:26:29.109] [Server thread/INFO] [net.minecraft.server.network.ServerGamePacketListenerImpl/]: moshtro111876 lost connection: Timed out
[02Aug2025 23:26:29.109] [Server thread/INFO] [net.minecraft.server.MinecraftServer/]: moshtro111876 left the game
[02Aug2025 23:27:17.524] [Server thread/INFO] [net.minecraft.server.players.PlayerList/]: moshtro111876[/127.173.215.32:39611] logged in with entity id 28177 at (-1886.0, 63.0, 2939.0)
[02Aug2025 23:27:17.532] [Server thread/INFO] [net.minecraft.server.MinecraftServer/]: moshtro111876 joined the game
[02Aug2025 23:27:17.558] [Server thread/INFO] [Jade/]: Syncing config to moshtro111876 (e43ab439-6742-338a-b35f-7da80b1e63ae)
[02Aug2025 23:27:47.759] [Server thread/INFO] [net.minecraft.server.network.ServerGamePacketListenerImpl/]: moshtro111876 lost connection: Timed out
[02Aug2025 23:27:47.759] [Server thread/INFO] [net.minecraft.server.MinecraftServer/]: moshtro111876 left the game
[02Aug2025 23:28:27.373] [Server thread/INFO] [net.minecraft.server.players.PlayerList/]: moshtro111876[/127.173.215.32:32861] logged in with entity id 28589 at (-1886.0, 63.0, 2939.0)
[02Aug2025 23:28:27.383] [Server thread/INFO] [net.minecraft.server.MinecraftServer/]: moshtro111876 joined the game
[02Aug2025 23:28:27.415] [Server thread/INFO] [Jade/]: Syncing config to moshtro111876 (e43ab439-6742-338a-b35f-7da80b1e63ae)
[02Aug2025 23:28:57.463] [Server thread/INFO] [net.minecraft.server.network.ServerGamePacketListenerImpl/]: moshtro111876 lost connection: Timed out
[02Aug2025 23:28:57.463] [Server thread/INFO] [net.minecraft.server.MinecraftServer/]: moshtro111876 left the game
[02Aug2025 23:31:58.665] [Server thread/INFO] [net.minecraft.server.MinecraftServer/]: [GiovaniiYT15: Set own game mode to Creative Mode]
[02Aug2025 23:33:37.421] [Server thread/INFO] [net.minecraft.server.players.PlayerList/]: moshtro111876[/127.173.215.32:45119] logged in with entity id 29493 at (-1886.0, 63.0, 2939.0)
[02Aug2025 23:33:37.430] [Server thread/INFO] [net.minecraft.server.MinecraftServer/]: moshtro111876 joined the game
[02Aug2025 23:33:37.463] [Server thread/INFO] [Jade/]: Syncing config to moshtro111876 (e43ab439-6742-338a-b35f-7da80b1e63ae)
[02Aug2025 23:34:07.510] [Server thread/INFO] [net.minecraft.server.network.ServerGamePacketListenerImpl/]: moshtro111876 lost connection: Timed out
[02Aug2025 23:34:07.510] [Server thread/INFO] [net.minecraft.server.MinecraftServer/]: moshtro111876 left the game
[02Aug2025 23:34:50.273] [Server thread/INFO] [net.minecraft.server.players.PlayerList/]: moshtro111876[/127.173.215.32:57571] logged in with entity id 29704 at (-1886.0, 63.0, 2939.0)
[02Aug2025 23:34:50.280] [Server thread/INFO] [net.minecraft.server.MinecraftServer/]: moshtro111876 joined the game
[02Aug2025 23:34:50.306] [Server thread/INFO] [Jade/]: Syncing config to moshtro111876 (e43ab439-6742-338a-b35f-7da80b1e63ae)
[02Aug2025 23:35:20.362] [Server thread/INFO] [net.minecraft.server.network.ServerGamePacketListenerImpl/]: moshtro111876 lost connection: Timed out
[02Aug2025 23:35:20.363] [Server thread/INFO] [net.minecraft.server.MinecraftServer/]: moshtro111876 left the game
[02Aug2025 23:35:56.522] [Server thread/INFO] [net.minecraft.server.players.PlayerList/]: moshtro111876[/127.173.215.32:34685] logged in with entity id 29880 at (-1886.0, 63.0, 2939.0)
[02Aug2025 23:35:56.531] [Server thread/INFO] [net.minecraft.server.MinecraftServer/]: moshtro111876 joined the game
[02Aug2025 23:35:56.565] [Server thread/INFO] [Jade/]: Syncing config to moshtro111876 (e43ab439-6742-338a-b35f-7da80b1e63ae)
[02Aug2025 23:36:26.660] [Server thread/INFO] [net.minecraft.server.network.ServerGamePacketListenerImpl/]: moshtro111876 lost connection: Timed out
[02Aug2025 23:36:26.661] [Server thread/INFO] [net.minecraft.server.MinecraftServer/]: moshtro111876 left the game
[02Aug2025 23:37:14.026] [Server thread/INFO] [net.minecraft.server.players.PlayerList/]: moshtro111876[/127.173.215.32:52207] logged in with entity id 30097 at (-1886.0, 63.0, 2939.0)
[02Aug2025 23:37:14.041] [Server thread/INFO] [net.minecraft.server.MinecraftServer/]: moshtro111876 joined the game
[02Aug2025 23:37:14.067] [Server thread/INFO] [Jade/]: Syncing config to moshtro111876 (e43ab439-6742-338a-b35f-7da80b1e63ae)
[02Aug2025 23:37:44.121] [Server thread/INFO] [net.minecraft.server.network.ServerGamePacketListenerImpl/]: moshtro111876 lost connection: Timed out
[02Aug2025 23:37:44.121] [Server thread/INFO] [net.minecraft.server.MinecraftServer/]: moshtro111876 left the game
[02Aug2025 23:38:31.422] [Server thread/INFO] [net.minecraft.server.MinecraftServer/]: [GiovaniiYT15: Set own game mode to Survival Mode]
[02Aug2025 23:38:33.832] [Server thread/INFO] [net.minecraft.server.players.PlayerList/]: moshtro111876[/127.173.215.32:36485] logged in with entity id 30355 at (-1886.0, 63.0, 2939.0)
[02Aug2025 23:38:33.841] [Server thread/INFO] [net.minecraft.server.MinecraftServer/]: moshtro111876 joined the game
[02Aug2025 23:38:33.870] [Server thread/INFO] [Jade/]: Syncing config to moshtro111876 (e43ab439-6742-338a-b35f-7da80b1e63ae)
[02Aug2025 23:39:03.961] [Server thread/INFO] [net.minecraft.server.network.ServerGamePacketListenerImpl/]: moshtro111876 lost connection: Timed out
[02Aug2025 23:39:03.961] [Server thread/INFO] [net.minecraft.server.MinecraftServer/]: moshtro111876 left the game
[02Aug2025 23:39:46.673] [Server thread/INFO] [net.minecraft.server.MinecraftServer/]: [GiovaniiYT15: Set own game mode to Creative Mode]
[02Aug2025 23:40:07.915] [Server thread/INFO] [net.minecraft.server.MinecraftServer/]: [GiovaniiYT15: Set own game mode to Survival Mode]
[02Aug2025 23:40:09.217] [Server thread/INFO] [net.minecraft.server.MinecraftServer/]: [GiovaniiYT15: Set own game mode to Creative Mode]
[02Aug2025 23:40:11.218] [Server thread/INFO] [net.minecraft.server.MinecraftServer/]: [GiovaniiYT15: Set own game mode to Survival Mode]
[02Aug2025 23:40:48.318] [Server thread/INFO] [net.minecraft.world.entity.LivingEntity/]: Named entity Zombie['MMAHUEVO'/27013, l='ServerLevel[world]', x=-1848.60, y=91.86, z=2867.70] died: MMAHUEVO was blown up by Illager Soul
[02Aug2025 23:41:00.915] [Server thread/INFO] [net.minecraft.world.entity.npc.Villager/]: Villager Villager['Farmer'/27010, l='ServerLevel[world]', x=-1848.30, y=92.11, z=2871.70] died, message: 'Farmer was blown up by Illager Soul'
[02Aug2025 23:41:00.916] [Server thread/INFO] [net.minecraft.server.MinecraftServer/]: GiovaniiYT15 has made the advancement [Neighborhood Brawl]
[02Aug2025 23:41:00.916] [Server thread/INFO] [net.minecraft.world.entity.npc.Villager/]: Villager Villager['Farmer'/27012, l='ServerLevel[world]', x=-1848.70, y=91.78, z=2871.30] died, message: 'Farmer was blown up by Illager Soul'
[02Aug2025 23:41:12.926] [Server thread/INFO] [net.minecraft.world.entity.npc.Villager/]: Villager Villager['Farmer'/27011, l='ServerLevel[world]', x=-1851.42, y=62.50, z=2868.52] died, message: 'Farmer was slain by GiovaniiYT15'
[02Aug2025 23:41:20.976] [Server thread/WARN] [net.minecraft.server.network.ServerGamePacketListenerImpl/]: GiovaniiYT15 moved wrongly!
[02Aug2025 23:41:46.258] [Server thread/INFO] [net.minecraft.world.entity.npc.Villager/]: Villager Villager['Farmer'/27041, l='ServerLevel[world]', x=-1831.64, y=93.06, z=2855.48] died, message: 'Farmer was blown up by Illager Soul'
[02Aug2025 23:41:46.259] [Server thread/INFO] [net.minecraft.world.entity.npc.Villager/]: Villager Villager['Farmer'/27042, l='ServerLevel[world]', x=-1830.54, y=93.06, z=2855.09] died, message: 'Farmer was blown up by Illager Soul'
[02Aug2025 23:42:26.314] [Server thread/INFO] [net.minecraft.world.entity.LivingEntity/]: Named entity Zombie['MMAHUEVO'/27006, l='ServerLevel[world]', x=-1831.70, y=91.97, z=2867.30] died: MMAHUEVO was blown up by Illager Soul
[02Aug2025 23:42:29.373] [Server thread/INFO] [net.minecraft.server.players.PlayerList/]: moshtro111876[/127.173.215.32:52445] logged in with entity id 32212 at (-1886.0, 63.0, 2939.0)
[02Aug2025 23:42:29.382] [Server thread/INFO] [net.minecraft.server.MinecraftServer/]: moshtro111876 joined the game
[02Aug2025 23:42:29.414] [Server thread/INFO] [Jade/]: Syncing config to moshtro111876 (e43ab439-6742-338a-b35f-7da80b1e63ae)
[02Aug2025 23:42:38.820] [Server thread/INFO] [net.minecraft.world.entity.npc.Villager/]: Villager Villager['Farmer'/27005, l='ServerLevel[world]', x=-1831.50, y=91.00, z=2871.50] died, message: 'Farmer was blown up by Illager Soul'
[02Aug2025 23:42:38.826] [Server thread/INFO] [net.minecraft.world.entity.npc.Villager/]: Villager Villager['Farmer'/27008, l='ServerLevel[world]', x=-1831.70, y=91.55, z=2871.70] died, message: 'Farmer was blown up by Illager Soul'
[02Aug2025 23:42:39.762] [Server thread/INFO] [net.minecraft.world.entity.npc.Villager/]: Villager Villager['Farmer'/27007, l='ServerLevel[world]', x=-1831.70, y=91.03, z=2871.30] died, message: 'Farmer was blown up by Illager Soul'
[02Aug2025 23:42:39.913] [Server thread/INFO] [net.minecraft.world.entity.npc.Villager/]: Villager Villager['Farmer'/27009, l='ServerLevel[world]', x=-1831.70, y=91.10, z=2871.70] died, message: 'Farmer was blown up by Illager Soul'
[02Aug2025 23:42:59.464] [Server thread/INFO] [net.minecraft.server.network.ServerGamePacketListenerImpl/]: moshtro111876 lost connection: Timed out
[02Aug2025 23:42:59.464] [Server thread/INFO] [net.minecraft.server.MinecraftServer/]: moshtro111876 left the game
[02Aug2025 23:43:55.378] [Server thread/INFO] [net.minecraft.server.players.PlayerList/]: moshtro111876[/127.173.215.32:41617] logged in with entity id 33038 at (-1886.0, 63.0, 2939.0)
[02Aug2025 23:43:55.388] [Server thread/INFO] [net.minecraft.server.MinecraftServer/]: moshtro111876 joined the game
[02Aug2025 23:43:55.416] [Server thread/INFO] [Jade/]: Syncing config to moshtro111876 (e43ab439-6742-338a-b35f-7da80b1e63ae)
[02Aug2025 23:44:25.515] [Server thread/INFO] [net.minecraft.server.network.ServerGamePacketListenerImpl/]: moshtro111876 lost connection: Timed out
[02Aug2025 23:44:25.515] [Server thread/INFO] [net.minecraft.server.MinecraftServer/]: moshtro111876 left the game
[02Aug2025 23:45:10.590] [Server thread/INFO] [net.minecraft.server.players.PlayerList/]: moshtro111876[/127.173.215.32:47483] logged in with entity id 34015 at (-1886.0, 63.0, 2939.0)
[02Aug2025 23:45:10.599] [Server thread/INFO] [net.minecraft.server.MinecraftServer/]: moshtro111876 joined the game
[02Aug2025 23:45:10.645] [Server thread/INFO] [Jade/]: Syncing config to moshtro111876 (e43ab439-6742-338a-b35f-7da80b1e63ae)
[02Aug2025 23:45:25.322] [Server thread/INFO] [net.minecraft.server.network.ServerGamePacketListenerImpl/]: moshtro111876 lost connection: Disconnected
[02Aug2025 23:45:25.323] [Server thread/INFO] [net.minecraft.server.MinecraftServer/]: moshtro111876 left the game
[02Aug2025 23:45:44.413] [Server thread/INFO] [net.minecraft.server.network.ServerGamePacketListenerImpl/]: GiovaniiYT15 lost connection: Disconnected
[02Aug2025 23:45:44.413] [Server thread/INFO] [net.minecraft.server.MinecraftServer/]: GiovaniiYT15 left the game
[02Aug2025 23:46:07.844] [Server thread/INFO] [com.yellowbrossproductions.illageandspillage.IllageAndSpillage/]: Removed entity.illageandspillage.boss_randomizer from Raids to prevent a post-mod-removal crash
[02Aug2025 23:46:07.844] [Server thread/INFO] [com.yellowbrossproductions.illageandspillage.IllageAndSpillage/]: Removed entity.illageandspillage.igniter from Raids to prevent a post-mod-removal crash
[02Aug2025 23:46:07.844] [Server thread/INFO] [com.yellowbrossproductions.illageandspillage.IllageAndSpillage/]: Removed entity.illageandspillage.engineer from Raids to prevent a post-mod-removal crash
[02Aug2025 23:46:07.844] [Server thread/INFO] [com.yellowbrossproductions.illageandspillage.IllageAndSpillage/]: Removed entity.illageandspillage.twittollager from Raids to prevent a post-mod-removal crash
[02Aug2025 23:46:07.844] [Server thread/INFO] [com.yellowbrossproductions.illageandspillage.IllageAndSpillage/]: Removed entity.illageandspillage.magispeller from Raids to prevent a post-mod-removal crash
[02Aug2025 23:46:07.844] [Server thread/INFO] [com.yellowbrossproductions.illageandspillage.IllageAndSpillage/]: Removed entity.illageandspillage.spiritcaller from Raids to prevent a post-mod-removal crash
[02Aug2025 23:46:07.844] [Server thread/INFO] [com.yellowbrossproductions.illageandspillage.IllageAndSpillage/]: Removed entity.illageandspillage.crocofang from Raids to prevent a post-mod-removal crash
[02Aug2025 23:46:07.844] [Server thread/INFO] [com.yellowbrossproductions.illageandspillage.IllageAndSpillage/]: Removed entity.illageandspillage.absorber from Raids to prevent a post-mod-removal crash
[02Aug2025 23:46:07.845] [Server thread/INFO] [com.yellowbrossproductions.illageandspillage.IllageAndSpillage/]: Removed entity.illageandspillage.preserver from Raids to prevent a post-mod-removal crash
[02Aug2025 23:46:07.845] [Server thread/INFO] [com.yellowbrossproductions.illageandspillage.IllageAndSpillage/]: Removed entity.illageandspillage.freakager from Raids to prevent a post-mod-removal crash
[02Aug2025 23:46:07.845] [Server thread/INFO] [com.yellowbrossproductions.illageandspillage.IllageAndSpillage/]: Removed entity.illageandspillage.old_freakager from Raids to prevent a post-mod-removal crash
[02Aug2025 23:46:07.845] [Server thread/INFO] [com.yellowbrossproductions.illageandspillage.IllageAndSpillage/]: Removed entity.illageandspillage.old_magispeller from Raids to prevent a post-mod-removal crash
[02Aug2025 23:46:07.845] [Server thread/INFO] [net.minecraft.server.MinecraftServer/]: Stopping server
[02Aug2025 23:46:07.846] [Server thread/INFO] [net.minecraft.server.MinecraftServer/]: Saving players
[02Aug2025 23:46:07.846] [Server thread/INFO] [net.minecraft.server.MinecraftServer/]: Saving worlds
[02Aug2025 23:46:07.862] [Server thread/INFO] [net.minecraft.server.MinecraftServer/]: Saving chunks for level 'ServerLevel[world]'/minecraft:overworld
[02Aug2025 23:46:07.892] [Server thread/INFO] [net.minecraft.server.MinecraftServer/]: Saving chunks for level 'ServerLevel[world]'/minecraft:the_end
[02Aug2025 23:46:07.893] [Server thread/INFO] [net.minecraft.server.MinecraftServer/]: Saving chunks for level 'ServerLevel[world]'/graveyard:past
[02Aug2025 23:46:07.893] [Server thread/INFO] [net.minecraft.server.MinecraftServer/]: Saving chunks for level 'ServerLevel[world]'/aether:the_aether
[02Aug2025 23:46:07.894] [Server thread/INFO] [net.minecraft.server.MinecraftServer/]: Saving chunks for level 'ServerLevel[world]'/minecraft:the_nether
[02Aug2025 23:46:08.075] [Server thread/INFO] [net.minecraft.server.MinecraftServer/]: ThreadedAnvilChunkStorage (world): All chunks are saved
[02Aug2025 23:46:08.075] [Server thread/INFO] [net.minecraft.server.MinecraftServer/]: ThreadedAnvilChunkStorage (DIM1): All chunks are saved
[02Aug2025 23:46:08.075] [Server thread/INFO] [net.minecraft.server.MinecraftServer/]: ThreadedAnvilChunkStorage (past): All chunks are saved
[02Aug2025 23:46:08.075] [Server thread/INFO] [net.minecraft.server.MinecraftServer/]: ThreadedAnvilChunkStorage (the_aether): All chunks are saved
[02Aug2025 23:46:08.075] [Server thread/INFO] [net.minecraft.server.MinecraftServer/]: ThreadedAnvilChunkStorage (DIM-1): All chunks are saved
[02Aug2025 23:46:08.075] [Server thread/INFO] [net.minecraft.server.MinecraftServer/]: ThreadedAnvilChunkStorage: All dimensions are saved
[02Aug2025 23:46:08.075] [Server thread/INFO] [com.yellowbrossproductions.illageandspillage.IllageAndSpillage/]: Removed entity.illageandspillage.boss_randomizer from Raids to prevent a post-mod-removal crash
[02Aug2025 23:46:08.075] [Server thread/INFO] [com.yellowbrossproductions.illageandspillage.IllageAndSpillage/]: Removed entity.illageandspillage.igniter from Raids to prevent a post-mod-removal crash
[02Aug2025 23:46:08.075] [Server thread/INFO] [com.yellowbrossproductions.illageandspillage.IllageAndSpillage/]: Removed entity.illageandspillage.engineer from Raids to prevent a post-mod-removal crash
[02Aug2025 23:46:08.076] [Server thread/INFO] [com.yellowbrossproductions.illageandspillage.IllageAndSpillage/]: Removed entity.illageandspillage.twittollager from Raids to prevent a post-mod-removal crash
[02Aug2025 23:46:08.076] [Server thread/INFO] [com.yellowbrossproductions.illageandspillage.IllageAndSpillage/]: Removed entity.illageandspillage.magispeller from Raids to prevent a post-mod-removal crash
[02Aug2025 23:46:08.076] [Server thread/INFO] [com.yellowbrossproductions.illageandspillage.IllageAndSpillage/]: Removed entity.illageandspillage.spiritcaller from Raids to prevent a post-mod-removal crash
[02Aug2025 23:46:08.076] [Server thread/INFO] [com.yellowbrossproductions.illageandspillage.IllageAndSpillage/]: Removed entity.illageandspillage.crocofang from Raids to prevent a post-mod-removal crash
[02Aug2025 23:46:08.076] [Server thread/INFO] [com.yellowbrossproductions.illageandspillage.IllageAndSpillage/]: Removed entity.illageandspillage.absorber from Raids to prevent a post-mod-removal crash
[02Aug2025 23:46:08.076] [Server thread/INFO] [com.yellowbrossproductions.illageandspillage.IllageAndSpillage/]: Removed entity.illageandspillage.preserver from Raids to prevent a post-mod-removal crash
[02Aug2025 23:46:08.076] [Server thread/INFO] [com.yellowbrossproductions.illageandspillage.IllageAndSpillage/]: Removed entity.illageandspillage.freakager from Raids to prevent a post-mod-removal crash
[02Aug2025 23:46:08.076] [Server thread/INFO] [com.yellowbrossproductions.illageandspillage.IllageAndSpillage/]: Removed entity.illageandspillage.old_freakager from Raids to prevent a post-mod-removal crash
[02Aug2025 23:46:08.076] [Server thread/INFO] [com.yellowbrossproductions.illageandspillage.IllageAndSpillage/]: Removed entity.illageandspillage.old_magispeller from Raids to prevent a post-mod-removal crash
[02Aug2025 23:46:08.105] [Server thread/INFO] [com.yellowbrossproductions.illageandspillage.IllageAndSpillage/]: Removed entity.illageandspillage.boss_randomizer from Raids to prevent a post-mod-removal crash
[02Aug2025 23:46:08.105] [Server thread/INFO] [com.yellowbrossproductions.illageandspillage.IllageAndSpillage/]: Removed entity.illageandspillage.igniter from Raids to prevent a post-mod-removal crash
[02Aug2025 23:46:08.105] [Server thread/INFO] [com.yellowbrossproductions.illageandspillage.IllageAndSpillage/]: Removed entity.illageandspillage.engineer from Raids to prevent a post-mod-removal crash
[02Aug2025 23:46:08.105] [Server thread/INFO] [com.yellowbrossproductions.illageandspillage.IllageAndSpillage/]: Removed entity.illageandspillage.twittollager from Raids to prevent a post-mod-removal crash
[02Aug2025 23:46:08.105] [Server thread/INFO] [com.yellowbrossproductions.illageandspillage.IllageAndSpillage/]: Removed entity.illageandspillage.magispeller from Raids to prevent a post-mod-removal crash
[02Aug2025 23:46:08.105] [Server thread/INFO] [com.yellowbrossproductions.illageandspillage.IllageAndSpillage/]: Removed entity.illageandspillage.spiritcaller from Raids to prevent a post-mod-removal crash
[02Aug2025 23:46:08.105] [Server thread/INFO] [com.yellowbrossproductions.illageandspillage.IllageAndSpillage/]: Removed entity.illageandspillage.crocofang from Raids to prevent a post-mod-removal crash
[02Aug2025 23:46:08.105] [Server thread/INFO] [com.yellowbrossproductions.illageandspillage.IllageAndSpillage/]: Removed entity.illageandspillage.absorber from Raids to prevent a post-mod-removal crash
[02Aug2025 23:46:08.105] [Server thread/INFO] [com.yellowbrossproductions.illageandspillage.IllageAndSpillage/]: Removed entity.illageandspillage.preserver from Raids to prevent a post-mod-removal crash
[02Aug2025 23:46:08.105] [Server thread/INFO] [com.yellowbrossproductions.illageandspillage.IllageAndSpillage/]: Removed entity.illageandspillage.freakager from Raids to prevent a post-mod-removal crash
[02Aug2025 23:46:08.105] [Server thread/INFO] [com.yellowbrossproductions.illageandspillage.IllageAndSpillage/]: Removed entity.illageandspillage.old_freakager from Raids to prevent a post-mod-removal crash
[02Aug2025 23:46:08.105] [Server thread/INFO] [com.yellowbrossproductions.illageandspillage.IllageAndSpillage/]: Removed entity.illageandspillage.old_magispeller from Raids to prevent a post-mod-removal crash
[02Aug2025 23:46:08.106] [Server thread/INFO] [com.yellowbrossproductions.illageandspillage.IllageAndSpillage/]: Removed entity.illageandspillage.boss_randomizer from Raids to prevent a post-mod-removal crash
[02Aug2025 23:46:08.106] [Server thread/INFO] [com.yellowbrossproductions.illageandspillage.IllageAndSpillage/]: Removed entity.illageandspillage.igniter from Raids to prevent a post-mod-removal crash
[02Aug2025 23:46:08.106] [Server thread/INFO] [com.yellowbrossproductions.illageandspillage.IllageAndSpillage/]: Removed entity.illageandspillage.engineer from Raids to prevent a post-mod-removal crash
[02Aug2025 23:46:08.106] [Server thread/INFO] [com.yellowbrossproductions.illageandspillage.IllageAndSpillage/]: Removed entity.illageandspillage.twittollager from Raids to prevent a post-mod-removal crash
[02Aug2025 23:46:08.106] [Server thread/INFO] [com.yellowbrossproductions.illageandspillage.IllageAndSpillage/]: Removed entity.illageandspillage.magispeller from Raids to prevent a post-mod-removal crash
[02Aug2025 23:46:08.106] [Server thread/INFO] [com.yellowbrossproductions.illageandspillage.IllageAndSpillage/]: Removed entity.illageandspillage.spiritcaller from Raids to prevent a post-mod-removal crash
[02Aug2025 23:46:08.106] [Server thread/INFO] [com.yellowbrossproductions.illageandspillage.IllageAndSpillage/]: Removed entity.illageandspillage.crocofang from Raids to prevent a post-mod-removal crash
[02Aug2025 23:46:08.106] [Server thread/INFO] [com.yellowbrossproductions.illageandspillage.IllageAndSpillage/]: Removed entity.illageandspillage.absorber from Raids to prevent a post-mod-removal crash
[02Aug2025 23:46:08.106] [Server thread/INFO] [com.yellowbrossproductions.illageandspillage.IllageAndSpillage/]: Removed entity.illageandspillage.preserver from Raids to prevent a post-mod-removal crash
[02Aug2025 23:46:08.106] [Server thread/INFO] [com.yellowbrossproductions.illageandspillage.IllageAndSpillage/]: Removed entity.illageandspillage.freakager from Raids to prevent a post-mod-removal crash
[02Aug2025 23:46:08.106] [Server thread/INFO] [com.yellowbrossproductions.illageandspillage.IllageAndSpillage/]: Removed entity.illageandspillage.old_freakager from Raids to prevent a post-mod-removal crash
[02Aug2025 23:46:08.106] [Server thread/INFO] [com.yellowbrossproductions.illageandspillage.IllageAndSpillage/]: Removed entity.illageandspillage.old_magispeller from Raids to prevent a post-mod-removal crash
[02Aug2025 23:46:08.107] [Server thread/INFO] [com.yellowbrossproductions.illageandspillage.IllageAndSpillage/]: Removed entity.illageandspillage.boss_randomizer from Raids to prevent a post-mod-removal crash
[02Aug2025 23:46:08.107] [Server thread/INFO] [com.yellowbrossproductions.illageandspillage.IllageAndSpillage/]: Removed entity.illageandspillage.igniter from Raids to prevent a post-mod-removal crash
[02Aug2025 23:46:08.107] [Server thread/INFO] [com.yellowbrossproductions.illageandspillage.IllageAndSpillage/]: Removed entity.illageandspillage.engineer from Raids to prevent a post-mod-removal crash
[02Aug2025 23:46:08.107] [Server thread/INFO] [com.yellowbrossproductions.illageandspillage.IllageAndSpillage/]: Removed entity.illageandspillage.twittollager from Raids to prevent a post-mod-removal crash
[02Aug2025 23:46:08.107] [Server thread/INFO] [com.yellowbrossproductions.illageandspillage.IllageAndSpillage/]: Removed entity.illageandspillage.magispeller from Raids to prevent a post-mod-removal crash
[02Aug2025 23:46:08.107] [Server thread/INFO] [com.yellowbrossproductions.illageandspillage.IllageAndSpillage/]: Removed entity.illageandspillage.spiritcaller from Raids to prevent a post-mod-removal crash
[02Aug2025 23:46:08.107] [Server thread/INFO] [com.yellowbrossproductions.illageandspillage.IllageAndSpillage/]: Removed entity.illageandspillage.crocofang from Raids to prevent a post-mod-removal crash
[02Aug2025 23:46:08.107] [Server thread/INFO] [com.yellowbrossproductions.illageandspillage.IllageAndSpillage/]: Removed entity.illageandspillage.absorber from Raids to prevent a post-mod-removal crash
[02Aug2025 23:46:08.107] [Server thread/INFO] [com.yellowbrossproductions.illageandspillage.IllageAndSpillage/]: Removed entity.illageandspillage.preserver from Raids to prevent a post-mod-removal crash
[02Aug2025 23:46:08.107] [Server thread/INFO] [com.yellowbrossproductions.illageandspillage.IllageAndSpillage/]: Removed entity.illageandspillage.freakager from Raids to prevent a post-mod-removal crash
[02Aug2025 23:46:08.107] [Server thread/INFO] [com.yellowbrossproductions.illageandspillage.IllageAndSpillage/]: Removed entity.illageandspillage.old_freakager from Raids to prevent a post-mod-removal crash
[02Aug2025 23:46:08.107] [Server thread/INFO] [com.yellowbrossproductions.illageandspillage.IllageAndSpillage/]: Removed entity.illageandspillage.old_magispeller from Raids to prevent a post-mod-removal crash
[02Aug2025 23:46:08.107] [Server thread/INFO] [com.yellowbrossproductions.illageandspillage.IllageAndSpillage/]: Removed entity.illageandspillage.boss_randomizer from Raids to prevent a post-mod-removal crash
[02Aug2025 23:46:08.108] [Server thread/INFO] [com.yellowbrossproductions.illageandspillage.IllageAndSpillage/]: Removed entity.illageandspillage.igniter from Raids to prevent a post-mod-removal crash
[02Aug2025 23:46:08.108] [Server thread/INFO] [com.yellowbrossproductions.illageandspillage.IllageAndSpillage/]: Removed entity.illageandspillage.engineer from Raids to prevent a post-mod-removal crash
[02Aug2025 23:46:08.108] [Server thread/INFO] [com.yellowbrossproductions.illageandspillage.IllageAndSpillage/]: Removed entity.illageandspillage.twittollager from Raids to prevent a post-mod-removal crash
[02Aug2025 23:46:08.108] [Server thread/INFO] [com.yellowbrossproductions.illageandspillage.IllageAndSpillage/]: Removed entity.illageandspillage.magispeller from Raids to prevent a post-mod-removal crash
[02Aug2025 23:46:08.108] [Server thread/INFO] [com.yellowbrossproductions.illageandspillage.IllageAndSpillage/]: Removed entity.illageandspillage.spiritcaller from Raids to prevent a post-mod-removal crash
[02Aug2025 23:46:08.108] [Server thread/INFO] [com.yellowbrossproductions.illageandspillage.IllageAndSpillage/]: Removed entity.illageandspillage.crocofang from Raids to prevent a post-mod-removal crash
[02Aug2025 23:46:08.108] [Server thread/INFO] [com.yellowbrossproductions.illageandspillage.IllageAndSpillage/]: Removed entity.illageandspillage.absorber from Raids to prevent a post-mod-removal crash
[02Aug2025 23:46:08.108] [Server thread/INFO] [com.yellowbrossproductions.illageandspillage.IllageAndSpillage/]: Removed entity.illageandspillage.preserver from Raids to prevent a post-mod-removal crash
[02Aug2025 23:46:08.108] [Server thread/INFO] [com.yellowbrossproductions.illageandspillage.IllageAndSpillage/]: Removed entity.illageandspillage.freakager from Raids to prevent a post-mod-removal crash
[02Aug2025 23:46:08.108] [Server thread/INFO] [com.yellowbrossproductions.illageandspillage.IllageAndSpillage/]: Removed entity.illageandspillage.old_freakager from Raids to prevent a post-mod-removal crash
[02Aug2025 23:46:08.108] [Server thread/INFO] [com.yellowbrossproductions.illageandspillage.IllageAndSpillage/]: Removed entity.illageandspillage.old_magispeller from Raids to prevent a post-mod-removal crash
[02Aug2025 23:46:08.110] [Server thread/INFO] [Framework/]: Unloading server configs...
[02Aug2025 23:46:08.111] [Server thread/INFO] [journeymap/]: Loading JourneyMap Forge Configs
